miRNA	value
hsa-miR-6090	6916.16
hsa-miR-6089	4084.11
hsa-miR-4516	4031.22
hsa-miR-4459	2471.78
hsa-miR-4281	1850.073
hsa-miR-3960	1800.025
hsa-miR-6800-5p	622.052
hsa-miR-6088	608.414
hsa-miR-6869-5p	541.636
hsa-miR-7107-5p	503.454
hsa-miR-6087	481.654
hsa-miR-4687-3p	384.539
hsa-miR-6821-5p	352.954
hsa-miR-7150	333.147
hsa-miR-7110-5p	312.636
hsa-miR-6125	306.1258
hsa-miR-1225-5p	305.784
hsa-miR-3665	297.559
hsa-miR-8069	292.275
hsa-miR-197-5p	236.296
hsa-miR-642a-3p	229.3167
hsa-miR-4763-3p	209.057
hsa-miR-6749-5p	206.128
hsa-miR-638	200.5296
hsa-miR-2861	193.957
hsa-miR-4270	180.6191
hsa-miR-6510-5p	170.9447
hsa-miR-1207-5p	165.6466
hsa-miR-6850-5p	155.6241
hsa-miR-451a	153.8017
hsa-miR-3663-3p	143.6463
hsa-miR-1202	136.2895
hsa-miR-6891-5p	131.1637
hsa-miR-320c	124.9121
hsa-miR-7847-3p	122.4046
hsa-miR-574-5p	115.6371
hsa-miR-4466	115.2655
hsa-miR-3656	111.8441
hsa-miR-762	105.629
hsa-miR-6124	96.6483
hsa-miR-6127	96.5382
hsa-miR-6727-5p	92.4794
hsa-miR-1229-5p	88.2046
hsa-miR-6740-5p	81.8986
hsa-miR-1915-3p	75.1684
hsa-miR-1273g-3p	63.79308
hsa-miR-4669	63.4371
hsa-miR-6769b-5p	60.8743
hsa-miR-6724-5p	60.0947
hsa-miR-4634	55.8394
hsa-miR-4298	49.6914
hsa-miR-6165	48.969
hsa-miR-7641	48.35479
hsa-miR-4788	48.0852
hsa-miR-1268a	47.6255
hsa-miR-5787	47.0145
hsa-miR-642b-3p	46.2901
hsa-miR-1275	44.3327
hsa-miR-3679-5p	44.149
hsa-miR-4442	43.7711
hsa-miR-328-5p	42.63179
hsa-miR-4534	42.2969
hsa-miR-483-5p	40.9023
hsa-miR-4530	39.5578
hsa-miR-150-3p	38.98637
hsa-miR-5739	38.9612
hsa-miR-320d	38.75928
hsa-miR-6752-5p	36.5612
hsa-miR-4327	34.6701
hsa-miR-4455	34.6556
hsa-miR-6831-5p	32.5518
hsa-miR-3610	32.4701
hsa-miR-3141	32.4157
hsa-miR-320e	31.87575
hsa-miR-4499	31.6249
hsa-miR-8063	31.3907
hsa-miR-7704	31.05623
hsa-miR-4532	29.96259
hsa-miR-4745-5p	29.63825
hsa-miR-718	29.29573
hsa-miR-3162-5p	28.7015
hsa-miR-6085	28.1682
hsa-miR-8072	27.18162
hsa-miR-7975	26.53978
hsa-miR-937-5p	26.35537
hsa-miR-4800-5p	25.99
hsa-miR-4463	25.8481
hsa-miR-4443	25.69915
hsa-miR-6775-5p	25.51261
hsa-miR-3648	25.2862
hsa-miR-5585-3p	24.8015
hsa-miR-3940-5p	24.3242
hsa-miR-3196	24.1585
hsa-miR-1246	23.8954
hsa-miR-6785-5p	23.2968
hsa-miR-6867-5p	22.9607
hsa-miR-7108-5p	22.8499
hsa-miR-4655-3p	22.36
hsa-miR-4741	22.18274
hsa-miR-4739	20.55697
hsa-miR-2392	20.249
hsa-miR-5195-3p	20.24688
hsa-miR-6879-5p	20.20423
hsa-miR-16-5p	19.87976
hsa-miR-4505	18.90429
hsa-miR-6812-5p	18.42943
hsa-miR-320b	18.02569
hsa-miR-595	17.47172
hsa-miR-6723-5p	17.43721
hsa-miR-134-5p	17.09885
hsa-miR-6728-5p	16.99571
hsa-miR-1268b	16.93148
hsa-miR-4701-3p	16.80985
hsa-miR-3195	16.55486
hsa-miR-4778-5p	16.45329
hsa-miR-6826-5p	16.36503
hsa-miR-630	16.35072
hsa-miR-4507	16.2292
hsa-miR-223-3p	15.806
hsa-miR-32-3p	15.00583
hsa-miR-1238-5p	14.97274
hsa-miR-486-5p	14.64487
hsa-miR-6763-5p	14.60336
hsa-miR-3148	14.20831
hsa-miR-4306	14.09311
hsa-miR-6803-5p	13.90827
hsa-miR-3149	13.81103
hsa-miR-5100	13.17013
hsa-miR-4433a-3p	13.16057
hsa-miR-6722-3p	12.9316
hsa-miR-3135b	12.81891
hsa-miR-4793-3p	11.35691
hsa-miR-671-5p	11.3098
hsa-miR-5703	11.28236
hsa-miR-320a	10.68187
hsa-miR-4689	10.43048
hsa-miR-1185-1-3p	10.39043
hsa-miR-4767	9.91748
hsa-miR-188-5p	9.88033
hsa-miR-6808-5p	9.80803
hsa-miR-4271	9.77931
hsa-miR-2278	9.75061
hsa-let-7b-5p	9.70978
hsa-miR-7106-5p	9.65548
hsa-miR-3138	9.61905
hsa-miR-6076	9.51607
hsa-miR-4440	9.43654
hsa-miR-6794-5p	9.42957
hsa-miR-6786-5p	9.28513
hsa-miR-1914-3p	9.18187
hsa-miR-765	9.17424
hsa-miR-3911	9.03176
hsa-miR-1183	8.9207
hsa-miR-6791-5p	8.76909
hsa-miR-6829-5p	8.72196
hsa-miR-6756-5p	8.59822
hsa-miR-1281	8.57616
hsa-miR-557	8.51548
hsa-miR-5006-5p	8.51341
hsa-miR-1228-5p	8.37724
hsa-miR-6833-5p	8.2853
hsa-miR-4481	8.18178
hsa-miR-1180-3p	8.15804
hsa-miR-21-5p	8.15712
hsa-miR-6126	7.90579
hsa-miR-6893-5p	7.75802
hsa-miR-670-5p	7.58458
hsa-miR-7844-5p	7.39317
hsa-miR-6789-5p	7.33719
hsa-miR-1249-5p	7.31005
hsa-miR-4769-3p	7.19189
hsa-miR-6865-5p	7.17833
hsa-miR-135a-3p	7.10987
hsa-miR-6068	7.07283
hsa-miR-1825	7.01677
hsa-miR-7850-5p	6.91623
hsa-miR-7845-5p	6.79785
hsa-miR-7977	6.79457
hsa-miR-940	6.76979
hsa-miR-3156-5p	6.62645
hsa-miR-1587	6.62434
hsa-miR-6133	6.57624
hsa-miR-4665-3p	6.57138
hsa-miR-1249-3p	6.54322
hsa-miR-6849-5p	6.36567
hsa-miR-1185-2-3p	6.17011
hsa-miR-4787-5p	6.1402
hsa-miR-7855-5p	6.1273
hsa-miR-3064-5p	6.03104
hsa-miR-19b-3p	6.01735
hsa-miR-6802-5p	6.01349
hsa-miR-6806-5p	5.89194
hsa-miR-22-3p	5.86813
hsa-miR-1228-3p	5.85929
hsa-miR-6797-3p	5.74523
hsa-miR-6768-5p	5.66738
hsa-miR-6883-5p	5.66428
hsa-miR-187-5p	5.56279
hsa-miR-1306-3p	5.37864
hsa-miR-6751-5p	5.35001
hsa-miR-575	5.3364
hsa-miR-1273f	5.32938
hsa-miR-6086	5.26437
hsa-miR-206	5.24945
hsa-miR-4632-5p	5.18892
hsa-miR-3937	5.18335
hsa-miR-1343-5p	5.12984
hsa-miR-483-3p	5.09106
hsa-miR-3162-3p	5.0848
hsa-miR-6858-5p	5.04207
hsa-miR-939-5p	5.02308
hsa-miR-4313	4.93575
hsa-miR-3194-5p	4.76881
hsa-miR-1471	4.64955
hsa-miR-3188	4.6412
hsa-miR-1234-3p	4.63598
hsa-miR-1224-5p	4.63594
hsa-miR-6069	4.59995
hsa-miR-6856-5p	4.53804
hsa-miR-130a-3p	4.41119
hsa-miR-5196-5p	4.38149
hsa-miR-7154-5p	4.37401
hsa-miR-3907	4.3262
hsa-miR-652-5p	4.29595
hsa-miR-4649-3p	4.25354
hsa-miR-4433b-3p	4.24978
hsa-miR-92a-3p	4.17015
hsa-miR-6860	4.14119
hsa-miR-6515-3p	4.13384
hsa-miR-6737-3p	4.07874
hsa-miR-6819-5p	4.0652
hsa-miR-6799-5p	4.03295
hsa-miR-4651	4.02489
hsa-miR-6819-3p	3.92123
hsa-miR-3945	3.88556
hsa-miR-4785	3.87688
hsa-miR-127-3p	3.83037
hsa-miR-1290	3.82783
hsa-miR-5001-5p	3.80765
hsa-miR-7111-3p	3.7721
hsa-miR-4787-3p	3.75112
hsa-miR-6794-3p	3.63025
hsa-miR-539-5p	3.602339
hsa-miR-2276-3p	3.56806
hsa-miR-34a-5p	3.56242
hsa-miR-6787-5p	3.42085
hsa-miR-4429	3.30174
hsa-miR-3158-5p	3.28083
hsa-miR-1304-3p	3.26671
hsa-miR-4515	3.25488
hsa-miR-4419a	3.1276
hsa-miR-6796-5p	3.01751
hsa-miR-766-5p	2.9105
hsa-miR-107	2.90812
hsa-miR-371b-5p	2.89515
hsa-miR-6777-3p	2.87335
hsa-miR-6757-5p	2.79145
hsa-miR-1238-3p	2.780812
hsa-miR-20a-5p	2.77576
hsa-miR-572	2.77289
hsa-miR-6840-3p	2.768231
hsa-miR-324-3p	2.7564
hsa-miR-6508-5p	2.75312
hsa-miR-8071	2.72211
hsa-miR-198	2.71818
hsa-miR-6784-5p	2.67343
hsa-miR-328-3p	2.6664
hsa-miR-4456	2.64971
hsa-miR-365a-3p	2.60209
hsa-miR-514b-5p	2.59439
hsa-miR-4721	2.59143
hsa-miR-191-3p	2.561224
hsa-miR-6759-3p	2.53735
hsa-miR-6779-5p	2.51198
hsa-miR-4646-5p	2.48786
hsa-miR-4483	2.464523
hsa-miR-6813-3p	2.41851
hsa-miR-425-3p	2.4076
hsa-miR-6732-5p	2.403277
hsa-miR-1236-5p	2.40327
hsa-miR-548q	2.39484
hsa-miR-3652	2.392641
hsa-miR-4436b-5p	2.38832
hsa-let-7f-1-3p	2.353754
hsa-miR-4290	2.34398
hsa-miR-4476	2.3417
hsa-miR-4725-5p	2.33332
hsa-miR-6763-3p	2.31192
hsa-miR-3689b-3p	2.300846
hsa-miR-33b-3p	2.300648
hsa-miR-6865-3p	2.29307
hsa-miR-6884-3p	2.27042
hsa-miR-6858-3p	2.265035
hsa-miR-15b-5p	2.25616
hsa-miR-6861-5p	2.25541
hsa-miR-4673	2.25178
hsa-miR-6760-3p	2.247025
hsa-miR-1237-3p	2.246589
hsa-miR-7114-5p	2.229814
hsa-let-7i-5p	2.22409
hsa-miR-1908-3p	2.22058
hsa-miR-4698	2.21236
hsa-miR-4322	2.211592
hsa-miR-5196-3p	2.197
hsa-miR-4433a-5p	2.19652
hsa-miR-3620-3p	2.195282
hsa-miR-149-5p	2.1701
hsa-miR-4644	2.16985
hsa-miR-6861-3p	2.15951
hsa-let-7b-3p	2.154894
hsa-miR-197-3p	2.14155
hsa-miR-6875-5p	2.13671
hsa-miR-6847-5p	2.11672
hsa-miR-23a-3p	2.11456
hsa-miR-4747-5p	2.10003
hsa-miR-4711-3p	2.095
hsa-miR-6765-3p	2.08169
hsa-miR-6824-3p	2.080959
hsa-miR-1539	2.05957
hsa-miR-6886-3p	2.047135
hsa-miR-6824-5p	2.028638
hsa-miR-4646-3p	2.01874
hsa-miR-4462	2.00383
hsa-miR-25-3p	1.99647
hsa-miR-4526	1.991828
hsa-miR-98-3p	1.975404
hsa-miR-4430	1.970824
hsa-miR-6732-3p	1.96835
hsa-miR-659-3p	1.964666
hsa-miR-6795-3p	1.954688
hsa-miR-5007-5p	1.95339
hsa-miR-6780b-5p	1.928093
hsa-miR-6891-3p	1.91943
hsa-miR-382-5p	1.919358
hsa-miR-4701-5p	1.900935
hsa-miR-296-5p	1.89841
hsa-miR-601	1.894834
hsa-miR-6752-3p	1.871479
hsa-miR-6779-3p	1.870459
hsa-miR-3667-5p	1.86341
hsa-miR-6834-3p	1.85616
hsa-miR-5090	1.854736
hsa-miR-4731-3p	1.852883
hsa-miR-1182	1.84958
hsa-miR-4284	1.844346
hsa-miR-3679-3p	1.844057
hsa-miR-4717-3p	1.839334
hsa-miR-6807-5p	1.839213
hsa-miR-15a-5p	1.83274
hsa-miR-6870-3p	1.83209
hsa-miR-6765-5p	1.82273
hsa-miR-4310	1.820995
hsa-miR-3689a-3p	1.814678
hsa-miR-8089	1.810004
hsa-miR-3675-3p	1.806507
hsa-miR-4472	1.80501
hsa-miR-498	1.798308
hsa-miR-4666b	1.79641
hsa-miR-6766-3p	1.79611
hsa-miR-6507-3p	1.79093
hsa-miR-6889-5p	1.779805
hsa-miR-625-3p	1.769098
hsa-miR-3131	1.763946
hsa-miR-3202	1.74651
hsa-miR-3074-3p	1.743621
hsa-miR-4486	1.74349
hsa-miR-3614-5p	1.736396
hsa-miR-4734	1.729519
hsa-miR-4750-5p	1.729246
hsa-miR-5093	1.7199
hsa-miR-4716-5p	1.71424
hsa-miR-550a-5p	1.69386
hsa-miR-6848-3p	1.68408
hsa-miR-4274	1.68261
hsa-miR-6889-3p	1.66231
hsa-miR-634	1.66074
hsa-miR-3613-3p	1.659636
hsa-miR-4497	1.65464
hsa-miR-4484	1.65333
hsa-miR-6798-3p	1.64447
hsa-miR-4535	1.64033
hsa-miR-6851-3p	1.635678
hsa-miR-4312	1.635518
hsa-miR-3180-5p	1.635194
hsa-miR-23c	1.633722
hsa-miR-4749-3p	1.6321
hsa-miR-1226-5p	1.62191
hsa-miR-7113-5p	1.61985
hsa-miR-423-5p	1.613191
hsa-miR-337-3p	1.613063
hsa-miR-6132	1.609201
hsa-miR-2116-3p	1.606065
hsa-miR-4758-5p	1.60492
hsa-miR-1261	1.58958
hsa-miR-4690-5p	1.58912
hsa-miR-484	1.585425
hsa-miR-1181	1.57821
hsa-miR-1227-5p	1.57346
hsa-miR-623	1.572623
hsa-miR-7846-3p	1.569638
hsa-miR-6800-3p	1.56933
hsa-miR-6880-3p	1.56795
hsa-miR-24-3p	1.556803
hsa-miR-4664-3p	1.553785
hsa-miR-4314	1.549181
hsa-miR-6812-3p	1.543081
hsa-miR-7152-3p	1.538542
hsa-miR-3650	1.5154014
hsa-miR-602	1.511668
hsa-miR-106b-5p	1.5076375
hsa-miR-29b-1-5p	1.505583
hsa-let-7d-3p	1.502306
hsa-miR-122-5p	1.493754
hsa-miR-335-3p	1.48497
hsa-miR-135a-5p	1.453304
hsa-miR-4758-3p	1.451406
hsa-miR-5092	1.437608
hsa-miR-933	1.4367128
hsa-miR-619-5p	1.43213
hsa-miR-345-3p	1.426977
hsa-miR-144-3p	1.424709
hsa-miR-645	1.423187
hsa-miR-211-5p	1.412742
hsa-let-7a-5p	1.412326
hsa-miR-519e-3p	1.405971
hsa-miR-129-2-3p	1.403757
hsa-miR-4710	1.392754
hsa-miR-30c-1-3p	1.39102
hsa-miR-5571-5p	1.38714
hsa-miR-4695-3p	1.375326
hsa-miR-6785-3p	1.374116
hsa-miR-563	1.369133
hsa-miR-6756-3p	1.366353
hsa-miR-142-3p	1.364546
hsa-miR-520e	1.363583
hsa-miR-4728-3p	1.357284
hsa-miR-6823-3p	1.352145
hsa-miR-576-5p	1.335265
hsa-miR-6746-5p	1.333743
hsa-miR-520d-3p	1.329754
hsa-miR-6790-5p	1.32786
hsa-miR-19a-3p	1.323105
hsa-miR-485-3p	1.312347
hsa-miR-196b-5p	1.303094
hsa-miR-7109-5p	1.297331
hsa-miR-885-5p	1.292294
hsa-miR-4538	1.283907
hsa-miR-769-3p	1.28001
hsa-miR-181d-5p	1.279837
hsa-miR-6731-3p	1.271635
hsa-miR-1299	1.269073
hsa-miR-27a-3p	1.25896
hsa-miR-376b-5p	1.258277
hsa-miR-3916	1.256208
hsa-miR-4447	1.255798
hsa-miR-8060	1.24614
hsa-miR-6878-3p	1.232771
hsa-miR-6778-5p	1.229135
hsa-miR-520a-3p	1.228615
hsa-miR-6734-5p	1.227583
hsa-miR-615-3p	1.2256488
hsa-miR-515-3p	1.220838
hsa-miR-1252-3p	1.219281
hsa-miR-6743-3p	1.218253
hsa-miR-4762-3p	1.217081
hsa-miR-610	1.214859
hsa-miR-548ai	1.213426
hsa-miR-6751-3p	1.210142
hsa-miR-505-3p	1.208642
hsa-miR-16-2-3p	1.208337
hsa-miR-6716-3p	1.201169
hsa-miR-6820-5p	1.19642
hsa-miR-6894-3p	1.195105
hsa-miR-302c-3p	1.194102
hsa-let-7g-5p	1.191787
hsa-miR-150-5p	1.18917
hsa-miR-129-1-3p	1.188032
hsa-miR-195-3p	1.18756
hsa-miR-3609	1.179568
hsa-miR-5583-5p	1.17722
hsa-miR-6738-5p	1.174735
hsa-miR-6730-3p	1.170364
hsa-miR-449b-5p	1.170199
hsa-miR-3190-5p	1.156656
hsa-miR-520g-3p	1.155969
hsa-miR-7974	1.150494
hsa-miR-376a-2-5p	1.146376
hsa-miR-6757-3p	1.140681
hsa-miR-6741-5p	1.140038
hsa-miR-4707-3p	1.13621358
hsa-miR-4502	1.134124
hsa-miR-196a-5p	1.133559
hsa-miR-548am-5p	1.132334
hsa-miR-130b-3p	1.1291475
hsa-miR-3151-3p	1.128428
hsa-miR-4753-3p	1.127109
hsa-miR-4496	1.110687
hsa-miR-664a-3p	1.108316
hsa-miR-6809-5p	1.09982
hsa-miR-6754-5p	1.0847903
hsa-let-7f-5p	1.084348
hsa-miR-6792-3p	1.08284
hsa-miR-548d-5p	1.080199
hsa-miR-3121-5p	1.078274
hsa-miR-135b-5p	1.078222
hsa-miR-30c-2-3p	1.06888
hsa-miR-3940-3p	1.066172
hsa-miR-29c-5p	1.050353
hsa-miR-125a-3p	1.048716
hsa-miR-2053	1.046799
hsa-miR-6780b-3p	1.04272
hsa-miR-7114-3p	1.038152
hsa-miR-660-3p	1.035321
hsa-miR-6885-3p	1.020858
hsa-miR-548az-5p	1.015932
hsa-miR-6083	1.009184
hsa-miR-204-5p	1.004797
hsa-miR-1470	0.993091
hsa-miR-338-3p	0.988298
hsa-miR-4713-3p	0.98791
hsa-miR-3923	0.987547
hsa-miR-369-3p	0.985774
hsa-miR-3613-5p	0.985572
hsa-miR-5584-3p	0.985495
hsa-miR-520f-3p	0.984663
hsa-miR-4441	0.979449
hsa-miR-4417	0.978735
hsa-miR-6780a-3p	0.976305
hsa-miR-6866-3p	0.974144
hsa-miR-29a-3p	0.9740054
hsa-miR-6855-3p	0.97278
hsa-miR-3184-3p	0.971112
hsa-miR-2113	0.968769
hsa-miR-5010-3p	0.966159
hsa-miR-887-3p	0.9655522
hsa-miR-613	0.957568
hsa-miR-3150b-5p	0.957472
hsa-miR-3173-5p	0.95437
hsa-miR-4746-3p	0.951346
hsa-miR-5681b	0.947275
hsa-miR-4652-3p	0.941795
hsa-miR-6846-3p	0.940989
hsa-miR-199a-3p	0.939699
hsa-miR-221-3p	0.938981
hsa-miR-7107-3p	0.938415
hsa-miR-548m	0.933309
hsa-miR-4763-5p	0.932675
hsa-miR-376c-5p	0.928556
hsa-miR-186-5p	0.924502
hsa-miR-4655-5p	0.92327
hsa-miR-26b-3p	0.922689
hsa-miR-767-3p	0.9211427
hsa-miR-376a-5p	0.918799
hsa-miR-4460	0.918249
hsa-miR-3646	0.916888
hsa-miR-4697-3p	0.912345
hsa-miR-301a-5p	0.905593
hsa-miR-6847-3p	0.901344
hsa-miR-432-5p	0.899743
hsa-miR-26a-2-3p	0.8992949
hsa-miR-766-3p	0.892402
hsa-miR-4307	0.889768
hsa-miR-454-5p	0.880922376
hsa-miR-6777-5p	0.879967
hsa-miR-424-5p	0.876885
hsa-miR-30d-5p	0.875998
hsa-miR-5003-3p	0.875696
hsa-miR-7156-5p	0.873813
hsa-miR-3617-3p	0.868552
hsa-miR-4695-5p	0.867395
hsa-miR-10a-5p	0.867381
hsa-miR-6784-3p	0.867116
hsa-miR-129-5p	0.863051
hsa-miR-6793-5p	0.861629
hsa-miR-302a-3p	0.861413
hsa-miR-4723-3p	0.856135
hsa-miR-520b	0.855896
hsa-miR-378a-3p	0.852913
hsa-miR-29c-3p	0.852503
hsa-miR-877-5p	0.8517495
hsa-miR-371a-3p	0.850074
hsa-miR-186-3p	0.84952
hsa-miR-199b-5p	0.846473
hsa-miR-3924	0.846443
hsa-miR-4688	0.844147
hsa-miR-30b-3p	0.84414
hsa-miR-556-3p	0.8433297
hsa-miR-181b-5p	0.842522
hsa-miR-3115	0.8419494
hsa-miR-5187-3p	0.841924
hsa-miR-548bb-3p	0.841112
hsa-miR-6873-3p	0.840064
hsa-miR-340-3p	0.832432
hsa-miR-6775-3p	0.832369
hsa-miR-208a-5p	0.829743
hsa-miR-7-5p	0.828436
hsa-miR-29b-2-5p	0.8281521
hsa-miR-1227-3p	0.824786
hsa-miR-8087	0.821604
hsa-miR-6786-3p	0.818693
hsa-miR-548n	0.817831
hsa-miR-136-5p	0.816914
hsa-miR-4750-3p	0.815108
hsa-miR-5088-5p	0.810697
hsa-miR-18b-3p	0.8082933
hsa-miR-548y	0.80572
hsa-miR-6730-5p	0.803457
hsa-miR-4756-3p	0.802264
hsa-miR-6735-3p	0.801463
hsa-miR-8064	0.799927
hsa-miR-548b-5p	0.79824
hsa-miR-4796-5p	0.797746
hsa-miR-3147	0.796006
hsa-miR-4493	0.79495
hsa-miR-875-5p	0.79362981
hsa-miR-6877-3p	0.789052
hsa-miR-6890-3p	0.787855
hsa-miR-4694-5p	0.785687
hsa-miR-297	0.785313
hsa-miR-6774-5p	0.78468
hsa-miR-764	0.780993
hsa-miR-6776-3p	0.779087
hsa-miR-5583-3p	0.777761
hsa-miR-548ad-5p	0.773062
hsa-miR-6074	0.772965
hsa-miR-6864-3p	0.771434
hsa-miR-6511a-3p	0.770601
hsa-miR-548g-3p	0.769277
hsa-miR-3606-5p	0.767382
hsa-miR-1224-3p	0.7657639
hsa-miR-133a-3p	0.765642
hsa-miR-15b-3p	0.765436
hsa-miR-892a	0.765071
hsa-miR-6845-5p	0.758892
hsa-miR-3198	0.75446
hsa-miR-1277-3p	0.75411
hsa-miR-6881-5p	0.751233
hsa-miR-103a-3p	0.749649
hsa-miR-1-5p	0.748704
hsa-miR-133b	0.746091
hsa-miR-548a-5p	0.744815
hsa-miR-1260a	0.7400472
hsa-miR-3692-5p	0.73833
hsa-miR-132-5p	0.730338
hsa-miR-513c-5p	0.728884
hsa-miR-548c-3p	0.7259265
hsa-miR-145-3p	0.7234832
hsa-miR-4323	0.722733
hsa-miR-369-5p	0.72209
hsa-miR-6769a-5p	0.715499
hsa-miR-4692	0.710701
hsa-miR-6844	0.710004
hsa-miR-494-5p	0.70973
hsa-miR-6772-5p	0.70875
hsa-miR-380-3p	0.708084
hsa-miR-1294	0.701998
hsa-miR-338-5p	0.7004901
hsa-miR-299-5p	0.696429
hsa-miR-374b-3p	0.6963776
hsa-miR-6509-3p	0.694134
hsa-miR-4782-3p	0.692434
hsa-miR-6892-3p	0.690393
hsa-miR-876-5p	0.6884954
hsa-miR-29a-5p	0.6874525
hsa-miR-449c-3p	0.6874131
hsa-miR-6796-3p	0.685724
hsa-miR-154-5p	0.681169
hsa-miR-6839-3p	0.678078
hsa-miR-548aq-5p	0.675541
hsa-miR-20b-5p	0.671422
hsa-miR-525-5p	0.670309
hsa-miR-6769b-3p	0.669911
hsa-miR-31-5p	0.667384
hsa-miR-4793-5p	0.666622
hsa-miR-4714-5p	0.664555
hsa-miR-450b-3p	0.662408
hsa-miR-2277-3p	0.658422
hsa-miR-202-5p	0.658412
hsa-miR-5701	0.658246
hsa-miR-3714	0.65382
hsa-miR-3920	0.651361
hsa-miR-208b-5p	0.650907
hsa-miR-6832-3p	0.650286
hsa-miR-219a-2-3p	0.650104
hsa-miR-519b-3p	0.649928
hsa-miR-92a-2-5p	0.649066
hsa-miR-6887-3p	0.648137
hsa-miR-4528	0.647698
hsa-miR-96-5p	0.6467308
hsa-miR-98-5p	0.64322
hsa-miR-6502-3p	0.641228
hsa-miR-605-5p	0.639318
hsa-miR-1267	0.637071
hsa-miR-656-3p	0.6336799
hsa-miR-34b-5p	0.632336
hsa-miR-449b-3p	0.63221
hsa-miR-190a-3p	0.630539
hsa-miR-6788-3p	0.628131
hsa-miR-519d-3p	0.627944
hsa-miR-3922-3p	0.627692
hsa-miR-6857-3p	0.627602
hsa-miR-26a-1-3p	0.6263917
hsa-miR-520c-3p	0.623827
hsa-miR-3927-5p	0.6218905
hsa-miR-184	0.619847
hsa-miR-1282	0.619383
hsa-miR-10b-5p	0.617118
hsa-miR-26b-5p	0.612121
hsa-miR-6501-5p	0.6080766
hsa-miR-126-5p	0.60506
hsa-let-7a-3p	0.6034247
hsa-miR-450a-5p	0.603231
hsa-miR-4716-3p	0.60304
hsa-miR-545-3p	0.6024391
hsa-miR-6764-3p	0.598388
hsa-miR-6887-5p	0.597859
hsa-miR-521	0.5960267
hsa-miR-4640-3p	0.592424
hsa-miR-4700-3p	0.590677
hsa-miR-4720-5p	0.5894795
hsa-miR-4295	0.588693
hsa-miR-1976	0.586963
hsa-miR-6741-3p	0.582052
hsa-miR-664b-3p	0.578732
hsa-miR-381-5p	0.577145
hsa-miR-3606-3p	0.576744
hsa-miR-6825-3p	0.5764377
hsa-miR-93-5p	0.572931
hsa-miR-144-5p	0.572907
hsa-miR-4642	0.571352
hsa-miR-450b-5p	0.570763
hsa-miR-548ay-5p	0.568482
hsa-miR-544a	0.5684016
hsa-miR-3134	0.56807
hsa-miR-4707-5p	0.56668
hsa-miR-518d-3p	0.566213
hsa-miR-1537-5p	0.566043
hsa-miR-548ae-3p	0.5652804
hsa-miR-6884-5p	0.564391
hsa-miR-3653-5p	0.564025
hsa-miR-1284	0.5618206
hsa-miR-6826-3p	0.5601253
hsa-miR-5690	0.559969
hsa-miR-181a-3p	0.557724
hsa-miR-3614-3p	0.557556
hsa-miR-551b-3p	0.5574366
hsa-miR-30c-5p	0.556677
hsa-miR-4286	0.554748
hsa-miR-199a-5p	0.5537712
hsa-miR-6851-5p	0.553015
hsa-miR-30b-5p	0.5512881
hsa-let-7e-3p	0.547064
hsa-miR-548ab	0.546944
hsa-miR-609	0.5452049
hsa-miR-891b	0.544738
hsa-miR-1256	0.544229
hsa-miR-106a-3p	0.5425804
hsa-miR-7843-3p	0.542075
hsa-miR-149-3p	0.54146562
hsa-miR-371a-5p	0.540491
hsa-miR-520h	0.539775
hsa-miR-1229-3p	0.5392826
hsa-miR-4668-3p	0.5381112
hsa-miR-6739-3p	0.53572
hsa-miR-125a-5p	0.534192
hsa-miR-4259	0.532381
hsa-miR-6876-3p	0.528774
hsa-miR-1323	0.527389
hsa-miR-4645-3p	0.526496
hsa-miR-5087	0.525549
hsa-miR-3682-3p	0.525207
hsa-miR-518a-3p	0.524638
hsa-miR-3915	0.524197
hsa-miR-185-3p	0.5238995
hsa-miR-302b-3p	0.5228897
hsa-miR-6841-3p	0.519386
hsa-miR-1303	0.5177859
hsa-miR-522-3p	0.5177051
hsa-miR-211-3p	0.515761
hsa-miR-3605-3p	0.514797
hsa-miR-622	0.5100708
hsa-miR-548x-3p	0.509525
hsa-miR-4656	0.506861
hsa-miR-361-3p	0.505365
hsa-miR-1250-3p	0.503535
hsa-miR-6073	0.500072
hsa-miR-190b	0.5000529
hsa-miR-488-3p	0.497861
hsa-miR-544b	0.496693
hsa-miR-526b-5p	0.4953688
hsa-miR-3180-3p	0.492244
hsa-miR-4639-3p	0.4904653
hsa-miR-92b-3p	0.4902044
hsa-miR-383-5p	0.4900737
hsa-miR-6511b-3p	0.4862987
hsa-miR-1909-5p	0.485545
hsa-miR-4699-3p	0.483349
hsa-miR-6867-3p	0.476254
hsa-miR-548b-3p	0.4748806
hsa-miR-374c-3p	0.473452
hsa-miR-373-3p	0.472749
hsa-miR-582-5p	0.470386
hsa-miR-4760-3p	0.46880644
hsa-miR-7108-3p	0.4684599
hsa-miR-4803	0.4662842
hsa-miR-3144-3p	0.466079
hsa-miR-5698	0.4658034
hsa-miR-3617-5p	0.4644105
hsa-miR-190a-5p	0.4634138
hsa-miR-4678	0.461009
hsa-miR-642b-5p	0.456551
hsa-miR-5704	0.454462
hsa-miR-4509	0.4533365
hsa-miR-548ba	0.45326
hsa-miR-1179	0.452355
hsa-miR-4324	0.4493959
hsa-miR-654-3p	0.448996
hsa-miR-4799-3p	0.4469439
hsa-miR-4666a-3p	0.446887
hsa-miR-362-3p	0.446842
hsa-miR-3160-5p	0.445991
hsa-miR-6831-3p	0.4455593
hsa-miR-1185-5p	0.445416
hsa-miR-4719	0.442511
hsa-miR-363-3p	0.438588
hsa-miR-6827-3p	0.43778497
hsa-miR-548aj-3p	0.4351999
hsa-miR-130b-5p	0.4343211
hsa-miR-548t-5p	0.4336897
hsa-miR-140-5p	0.432086
hsa-miR-8084	0.431228
hsa-miR-6129	0.426697
hsa-miR-502-5p	0.422467
hsa-miR-146a-5p	0.421925
hsa-miR-3156-3p	0.4205207
hsa-miR-519c-3p	0.4198571
hsa-miR-6810-3p	0.415955
hsa-miR-1278	0.415707
hsa-miR-4704-3p	0.415499
hsa-miR-95-5p	0.41511484
hsa-miR-4775	0.413634
hsa-miR-590-5p	0.412698
hsa-miR-4732-5p	0.4121653
hsa-miR-548at-5p	0.4119662
hsa-miR-1296-5p	0.410654
hsa-miR-526b-3p	0.410279
hsa-miR-194-3p	0.4099346
hsa-miR-636	0.4096475
hsa-miR-4510	0.409313
hsa-miR-331-3p	0.4084851
hsa-miR-548aj-5p	0.408332
hsa-miR-548j-3p	0.4079734
hsa-miR-8061	0.4071397
hsa-miR-654-5p	0.4057011
hsa-miR-1264	0.40474
hsa-miR-6830-3p	0.4023528
hsa-miR-924	0.40201086
hsa-miR-6716-5p	0.401834
hsa-miR-5700	0.4010946
hsa-miR-4511	0.400335
hsa-miR-4671-3p	0.398874
hsa-miR-624-5p	0.3984524
hsa-miR-8066	0.397387
hsa-miR-5193	0.3973181
hsa-miR-655-5p	0.3966307
hsa-miR-873-5p	0.3957631
hsa-miR-223-5p	0.3956628
hsa-miR-29b-3p	0.395443
hsa-miR-548bb-5p	0.395338
hsa-miR-329-3p	0.394149
hsa-miR-6805-5p	0.394034
hsa-miR-339-3p	0.3916752
hsa-miR-126-3p	0.3893599
hsa-miR-6835-3p	0.3866882
hsa-miR-936	0.385719
hsa-miR-6717-5p	0.3853679
hsa-miR-122-3p	0.384158
hsa-miR-3620-5p	0.383157
hsa-miR-3938	0.380753
hsa-miR-6797-5p	0.379206
hsa-miR-548f-5p	0.377461
hsa-miR-302b-5p	0.3758733
hsa-miR-6809-3p	0.3755818
hsa-miR-548f-3p	0.373995
hsa-miR-373-5p	0.373756
hsa-miR-218-5p	0.373314
hsa-miR-4730	0.371321
hsa-miR-4539	0.36923
hsa-miR-3977	0.36874
hsa-miR-374a-5p	0.367795
hsa-miR-4795-3p	0.3675983
hsa-miR-5192	0.36519
hsa-miR-7-2-3p	0.36403798
hsa-miR-6071	0.363416
hsa-miR-937-3p	0.3631689
hsa-miR-3136-3p	0.36314
hsa-miR-3529-5p	0.360886
hsa-miR-130a-5p	0.3607584
hsa-miR-3119	0.3600951
hsa-miR-3927-3p	0.355594
hsa-miR-491-3p	0.3554776
hsa-miR-4254	0.35471764
hsa-miR-6513-3p	0.354203
hsa-miR-6503-3p	0.352603
hsa-miR-6758-5p	0.3521504
hsa-miR-492	0.351568
hsa-miR-8062	0.3490926
hsa-miR-548ap-5p	0.3490652
hsa-miR-628-5p	0.34867901
hsa-miR-517c-3p	0.347465
hsa-miR-6803-3p	0.3445253
hsa-miR-6787-3p	0.3428107
hsa-miR-663a	0.34238
hsa-miR-3663-5p	0.338917
hsa-miR-384	0.338103
hsa-miR-493-5p	0.3335666
hsa-miR-216a-3p	0.3312062
hsa-miR-3129-3p	0.3310086
hsa-miR-4703-3p	0.3298373
hsa-miR-607	0.3292538
hsa-miR-660-5p	0.3286418
hsa-miR-1910-5p	0.3245874
hsa-miR-5681a	0.324033
hsa-miR-3171	0.323884
hsa-miR-6728-3p	0.3233447
hsa-miR-449c-5p	0.3232308
hsa-miR-6739-5p	0.3219347
hsa-miR-577	0.320012
hsa-miR-5580-5p	0.3192721
hsa-miR-6745	0.3179574
hsa-miR-6782-3p	0.3174629
hsa-miR-561-5p	0.3154384
hsa-miR-17-5p	0.31464
hsa-let-7c-3p	0.314007
hsa-miR-586	0.3139769
hsa-miR-495-5p	0.312258
hsa-miR-524-3p	0.3115465
hsa-miR-34c-5p	0.3085261
hsa-miR-590-3p	0.30764178
hsa-miR-5697	0.3068469
hsa-miR-4297	0.3062359
hsa-miR-6862-3p	0.3056893
hsa-miR-518c-3p	0.305618
hsa-let-7f-2-3p	0.3047585
hsa-miR-4650-5p	0.304687
hsa-miR-584-5p	0.30461659
hsa-miR-4771	0.303444
hsa-miR-4320	0.3013737
hsa-miR-4423-5p	0.3005527
hsa-miR-6740-3p	0.299411
hsa-miR-5696	0.2987316
hsa-miR-449a	0.296169
hsa-miR-3682-5p	0.29549083
hsa-miR-3912-5p	0.294502
hsa-miR-939-3p	0.2936305
hsa-miR-4477a	0.2903295
hsa-miR-548ar-5p	0.2891791
hsa-miR-4703-5p	0.289136719
hsa-miR-15a-3p	0.2850906
hsa-miR-515-5p	0.2785306
hsa-miR-520g-5p	0.2770552
hsa-miR-455-5p	0.2742396
hsa-miR-3921	0.2726625
hsa-miR-5590-5p	0.2724064
hsa-miR-8079	0.269528
hsa-miR-346	0.2693663
hsa-miR-432-3p	0.268319
hsa-miR-1254	0.266375
hsa-miR-4740-3p	0.2663495
hsa-miR-542-5p	0.2655304
hsa-miR-3670	0.2654211
hsa-miR-655-3p	0.2626756
hsa-miR-7109-3p	0.2616694
hsa-miR-6833-3p	0.2609082
hsa-miR-216b-3p	0.2598265
hsa-miR-553	0.257073
hsa-miR-6734-3p	0.2568977
hsa-miR-488-5p	0.2565053
hsa-miR-219a-5p	0.25564284
hsa-miR-1236-3p	0.25495114
hsa-miR-374b-5p	0.2545095
hsa-miR-215-5p	0.2539852
hsa-miR-647	0.2521
hsa-miR-6769a-3p	0.2516166
hsa-miR-758-3p	0.2500725
hsa-miR-4732-3p	0.2498506
hsa-miR-5009-5p	0.2495919
hsa-miR-372-5p	0.2495373
hsa-miR-4640-5p	0.2480471
hsa-miR-769-5p	0.2468602
hsa-miR-326	0.2464961
hsa-miR-6508-3p	0.2461251
hsa-miR-541-5p	0.24555343
hsa-miR-377-5p	0.2431209
hsa-miR-4667-3p	0.2416246
hsa-miR-4662a-5p	0.2400733
hsa-let-7d-5p	0.2399459
hsa-miR-146a-3p	0.2392599
hsa-miR-6755-3p	0.2347109
hsa-miR-548j-5p	0.23238482
hsa-miR-6822-3p	0.231279
hsa-miR-517a-3p	0.2288292
hsa-miR-34b-3p	0.2286623
hsa-miR-744-3p	0.2284548
hsa-miR-3681-3p	0.2274746
hsa-let-7e-5p	0.2274704
hsa-miR-1279	0.2265128
hsa-miR-5579-5p	0.2252443
hsa-miR-19b-2-5p	0.2250632
hsa-miR-6856-3p	0.224465
hsa-miR-570-3p	0.2240447
hsa-miR-548an	0.2239879
hsa-miR-550a-3-5p	0.223111
hsa-miR-519e-5p	0.2202126
hsa-miR-6845-3p	0.2198332
hsa-miR-425-5p	0.21966964
hsa-miR-518b	0.21799558
hsa-miR-4641	0.2177984
hsa-miR-302a-5p	0.2154105
hsa-miR-548as-3p	0.2152101
hsa-let-7c-5p	0.2149634
hsa-miR-1305	0.2144957
hsa-miR-6830-5p	0.2140578
hsa-miR-1204	0.213664
hsa-miR-3657	0.2133845
hsa-miR-640	0.2114305
hsa-miR-3976	0.2110074
hsa-miR-499a-5p	0.20956429
hsa-miR-7976	0.2073061
hsa-miR-1250-5p	0.204808
hsa-miR-518f-3p	0.2047739
hsa-miR-1255b-2-3p	0.2036486
hsa-miR-516a-5p	0.2027507
hsa-miR-4680-3p	0.2019652
hsa-miR-1207-3p	0.2019115
hsa-miR-1538	0.2009192
hsa-miR-214-5p	0.1986286
hsa-miR-302f	0.1983324
hsa-miR-4275	0.1961378
hsa-miR-627-3p	0.1958146
hsa-miR-3117-5p	0.1944166
hsa-miR-1206	0.19393696
hsa-miR-155-3p	0.19163
hsa-miR-6761-3p	0.191352
hsa-miR-598-5p	0.1875729
hsa-miR-4789-5p	0.1848998
hsa-miR-4714-3p	0.1830819
hsa-miR-543	0.1822942
hsa-miR-3189-3p	0.181743
hsa-miR-545-5p	0.1813256
hsa-miR-3118	0.179834
hsa-miR-487a-5p	0.17922575
hsa-miR-5194	0.1770615
hsa-miR-5708	0.1764814
hsa-miR-3925-3p	0.175121
hsa-miR-3065-3p	0.1750554
hsa-miR-4686	0.17227231
hsa-miR-548al	0.1720419
hsa-miR-6130	0.1719753
hsa-miR-148b-3p	0.170522535
hsa-miR-4536-3p	0.170423
hsa-miR-4452	0.168409
hsa-miR-637	0.1681833
hsa-miR-148a-3p	0.1672636
hsa-miR-550a-3p	0.1661299
hsa-miR-942-5p	0.16561489
hsa-miR-4729	0.1628802
hsa-miR-6871-5p	0.162785
hsa-miR-4679	0.1622415
hsa-miR-4444	0.1606738
hsa-miR-3683	0.1603495
hsa-miR-642a-5p	0.1593637
hsa-miR-374a-3p	0.1593347
hsa-miR-3973	0.1591699
hsa-miR-27b-3p	0.1582169
hsa-miR-450a-2-3p	0.1570145
hsa-miR-876-3p	0.1568048
hsa-miR-4301	0.1566004
hsa-miR-548ap-3p	0.15601506
hsa-miR-548ag	0.15315829
hsa-miR-3591-3p	0.153116
hsa-miR-3942-3p	0.1524919
hsa-miR-548d-3p	0.1522186
hsa-miR-501-5p	0.1491696
hsa-miR-212-3p	0.1489206
hsa-miR-6883-3p	0.1488449
hsa-miR-4653-3p	0.1475852
hsa-miR-342-5p	0.1474991
hsa-miR-342-3p	0.147076
hsa-miR-618	0.14440871
hsa-miR-99a-5p	0.1437309
hsa-miR-4736	0.14307298
hsa-miR-4765	0.1426892
hsa-miR-7162-5p	0.14116669
hsa-miR-221-5p	0.1407947
hsa-miR-653-5p	0.140518
hsa-miR-3691-3p	0.14041573
hsa-miR-548h-3p	0.1395596
hsa-miR-6825-5p	0.138127
hsa-miR-4316	0.1381139
hsa-miR-182-3p	0.13647871
hsa-miR-583	0.1360872
hsa-miR-6748-3p	0.1345791
hsa-miR-6499-3p	0.13444999
hsa-miR-566	0.1316229
hsa-miR-1252-5p	0.1311758
hsa-miR-4712-3p	0.1310483
hsa-miR-203b-5p	0.13085394
hsa-miR-5002-3p	0.1279554
hsa-miR-4478	0.1271633
hsa-miR-4709-5p	0.1266507
hsa-miR-3917	0.1266417
hsa-miR-6788-5p	0.1259373
hsa-miR-487b-5p	0.12569127
hsa-miR-6503-5p	0.1256365
hsa-miR-3622a-3p	0.1253231
hsa-miR-329-5p	0.121304
hsa-miR-887-5p	0.1211723
hsa-miR-1245b-3p	0.11977476
hsa-miR-224-5p	0.1167206
hsa-miR-6799-3p	0.11643559
hsa-miR-212-5p	0.114207
hsa-miR-1197	0.1130601
hsa-miR-451b	0.1129436
hsa-miR-19a-5p	0.11244096
hsa-miR-516b-5p	0.112341
hsa-miR-562	0.1115125
hsa-miR-3942-5p	0.1112721
hsa-miR-4777-5p	0.110631
hsa-miR-497-5p	0.1102671
hsa-miR-7973	0.1089904
hsa-miR-1324	0.107612
hsa-miR-3975	0.10713684
hsa-miR-512-5p	0.106909
hsa-miR-5007-3p	0.10689142
hsa-miR-944	0.1047001
hsa-miR-4520-5p	0.104221
hsa-miR-4693-3p	0.1032345
hsa-miR-8076	0.1023803
hsa-miR-518c-5p	0.1018456
hsa-miR-136-3p	0.1013545
hsa-miR-4790-5p	0.09899706
hsa-miR-3667-3p	0.098948
hsa-miR-4464	0.09892952
hsa-miR-100-3p	0.098916497
hsa-miR-6790-3p	0.0985374
hsa-miR-6792-5p	0.095149
hsa-miR-154-3p	0.0951255
hsa-miR-4311	0.09429184
hsa-miR-377-3p	0.09346261
hsa-miR-4662a-3p	0.0926513
hsa-miR-500b-5p	0.0922286
hsa-miR-4536-5p	0.09197453
hsa-miR-7849-3p	0.0907635
hsa-miR-4308	0.090081
hsa-miR-1911-5p	0.0890553
hsa-miR-1260b	0.086848
hsa-miR-4480	0.0862106
hsa-miR-151b	0.085182
hsa-miR-4328	0.0839537
hsa-miR-548v	0.0835402
hsa-miR-6719-3p	0.0824675
hsa-miR-629-3p	0.0811186
hsa-miR-548au-5p	0.0799976
hsa-miR-101-5p	0.0787906
hsa-miR-665	0.0772526
hsa-miR-6881-3p	0.0740163
hsa-miR-1247-3p	0.0732624
hsa-miR-3619-3p	0.073081
hsa-miR-4448	0.0730721
hsa-miR-1244	0.0728472
hsa-miR-489-5p	0.072222
hsa-miR-30e-5p	0.0720851
hsa-miR-192-5p	0.0711794
hsa-miR-4257	0.071135
hsa-miR-6505-3p	0.0701045
hsa-miR-513b-5p	0.0682878
hsa-miR-651-5p	0.06813858
hsa-miR-4495	0.0676041
hsa-miR-4687-5p	0.06706836
hsa-miR-1243	0.0662287
hsa-miR-4712-5p	0.0661133
hsa-miR-539-3p	0.06533686
hsa-miR-518e-3p	0.065177
hsa-miR-4693-5p	0.0625164
hsa-miR-367-3p	0.0602722
hsa-miR-6742-3p	0.0600373
hsa-miR-548aa	0.0593855
hsa-miR-635	0.0585266
hsa-miR-153-5p	0.0584362
hsa-miR-4759	0.0575752
hsa-miR-1178-3p	0.05753855
hsa-miR-4458	0.0561157
hsa-miR-300	0.0553949
hsa-miR-3928-5p	0.0542161
hsa-miR-3674	0.0537766
hsa-miR-31-3p	0.053129
hsa-miR-21-3p	0.0504064
hsa-miR-5011-3p	0.0494008
hsa-miR-410-5p	0.04865956
hsa-miR-2116-5p	0.04705944
hsa-miR-4740-5p	0.0462096
hsa-miR-548at-3p	0.046129
hsa-miR-448	0.0435164
hsa-miR-128-3p	0.0424486
hsa-miR-633	0.0416266
hsa-miR-103a-2-5p	0.0407146
hsa-miR-3136-5p	0.0406787
hsa-miR-4696	0.0404152
hsa-miR-6134	0.0401152
hsa-miR-891a-3p	0.03946218
hsa-miR-5190	0.0367384
hsa-miR-3688-5p	0.0351342
hsa-miR-6773-3p	0.03506082
hsa-miR-5002-5p	0.0335197
hsa-miR-4798-5p	0.0327722
hsa-miR-485-5p	0.0322407
hsa-miR-5001-3p	0.0316232
hsa-miR-593-3p	0.0307213
hsa-miR-4652-5p	0.029869
hsa-miR-767-5p	0.02968466
hsa-miR-10b-3p	0.0293177
hsa-miR-4666a-5p	0.0287286
hsa-miR-6514-3p	0.0265025
hsa-miR-4680-5p	0.026493
hsa-miR-3675-5p	0.02483607
hsa-miR-1288-5p	0.02392281
hsa-miR-5591-3p	0.0226829
hsa-let-7i-3p	0.0211375
hsa-miR-185-5p	0.0201369
hsa-miR-4769-5p	0.019571
hsa-miR-103b	0.0193132
hsa-miR-4755-5p	0.018539
hsa-miR-3913-5p	0.018405
hsa-miR-4475	0.0167013
hsa-miR-433-5p	0.0126777
hsa-miR-6849-3p	0.011908
hsa-miR-668-3p	0.01190681
hsa-miR-3684	0.0104841
hsa-miR-499b-5p	0.01028252
hsa-miR-4713-5p	0.009214
hsa-miR-548e-3p	0.009139
hsa-miR-548av-5p	0.008543
hsa-miR-7155-5p	0.0082421
hsa-miR-4477b	0.0077886
hsa-miR-4766-3p	0.007393
hsa-miR-5011-5p	0.0062438
hsa-miR-7159-5p	0.0051638
hsa-miR-4724-3p	0.0050811
hsa-miR-581	0.0041324
hsa-miR-6736-5p	0.0038357
hsa-miR-1265	0.002945
hsa-miR-3128	0.002943
hsa-miR-145-5p	0.0022436
hsa-miR-8067	0.00130017
hsa-miR-203a-5p	0.001053
hsa-miR-302d-3p	5.06e-05
hsa-miR-147a	-0.003267
hsa-miR-4471	-0.00368302
hsa-miR-4708-5p	-0.00466486
hsa-miR-374c-5p	-0.0051283
hsa-miR-4450	-0.0051288
hsa-miR-143-5p	-0.0055845
hsa-miR-454-3p	-0.006628
hsa-miR-4540	-0.009112
hsa-miR-5683	-0.009342
hsa-miR-4664-5p	-0.00976
hsa-miR-8065	-0.0106952
hsa-miR-6783-3p	-0.0116147
hsa-miR-4465	-0.012414
hsa-miR-4720-3p	-0.0125578
hsa-miR-5692c	-0.01442046
hsa-miR-1270	-0.0147332
hsa-miR-6733-3p	-0.01645
hsa-miR-548k	-0.0166289
hsa-miR-3672	-0.0199855
hsa-miR-4524a-5p	-0.02042596
hsa-miR-4670-5p	-0.02111537
hsa-miR-6804-3p	-0.021703
hsa-miR-561-3p	-0.0222414
hsa-miR-4681	-0.02324
hsa-miR-1296-3p	-0.0237322
hsa-miR-3668	-0.023846
hsa-miR-505-5p	-0.0251289
hsa-miR-578	-0.0269654
hsa-miR-585-3p	-0.0273122
hsa-miR-760	-0.0282047
hsa-miR-2909	-0.028391
hsa-miR-624-3p	-0.0287871
hsa-miR-203a-3p	-0.032125
hsa-miR-7106-3p	-0.0323202
hsa-miR-6852-3p	-0.032603
hsa-miR-552-5p	-0.032657
hsa-miR-5582-5p	-0.0343173
hsa-miR-6767-3p	-0.0358122
hsa-miR-6738-3p	-0.036037
hsa-miR-548av-3p	-0.0362639
hsa-miR-6721-5p	-0.037347
hsa-miR-3137	-0.0374266
hsa-miR-513c-3p	-0.03875614
hsa-miR-6846-5p	-0.0388775
hsa-miR-5008-5p	-0.0394821
hsa-miR-7159-3p	-0.041996
hsa-miR-4705	-0.042528
hsa-miR-653-3p	-0.0434129
hsa-miR-30a-3p	-0.0435282
hsa-miR-2467-5p	-0.0439227
hsa-miR-6827-5p	-0.0439513
hsa-miR-23b-3p	-0.0446415
hsa-miR-1262	-0.0458871
hsa-miR-4299	-0.0461914
hsa-miR-605-3p	-0.046422253
hsa-miR-3908	-0.0473025
hsa-miR-514a-3p	-0.0479287
hsa-miR-548u	-0.0487741
hsa-miR-548az-3p	-0.049645443
hsa-miR-3140-3p	-0.049855
hsa-miR-1245a	-0.0509865
hsa-miR-1289	-0.05185622
hsa-miR-450a-1-3p	-0.05279
hsa-miR-711	-0.053272
hsa-miR-1-3p	-0.0533453
hsa-miR-7152-5p	-0.0551536
hsa-miR-409-5p	-0.0567053
hsa-miR-651-3p	-0.0569989
hsa-miR-5588-5p	-0.05845
hsa-miR-4756-5p	-0.0604185
hsa-miR-4786-3p	-0.062875
hsa-miR-548ar-3p	-0.06314766
hsa-miR-4326	-0.063732
hsa-miR-23b-5p	-0.0646152
hsa-miR-6511a-5p	-0.0649705
hsa-miR-1915-5p	-0.0662347
hsa-miR-3129-5p	-0.066944
hsa-miR-6868-3p	-0.0677097
hsa-miR-4748	-0.06779582
hsa-miR-548ao-5p	-0.069373
hsa-miR-146b-5p	-0.0711182
hsa-miR-5590-3p	-0.0712861
hsa-miR-140-3p	-0.071914
hsa-miR-8068	-0.0736326
hsa-miR-4632-3p	-0.075022
hsa-miR-6872-5p	-0.0765631
hsa-miR-2052	-0.07715164
hsa-miR-4668-5p	-0.078904
hsa-miR-548ah-5p	-0.0798355
hsa-miR-224-3p	-0.080636
hsa-miR-657	-0.080892
hsa-miR-4287	-0.0811207
hsa-miR-1321	-0.0819729
hsa-miR-33a-5p	-0.0824477
hsa-miR-100-5p	-0.0830436
hsa-miR-6820-3p	-0.0837992
hsa-miR-6843-3p	-0.0849782
hsa-miR-6505-5p	-0.0861201
hsa-miR-6726-3p	-0.086221
hsa-miR-3529-3p	-0.08623
hsa-miR-1273a	-0.08734103
hsa-miR-6502-5p	-0.0876907
hsa-miR-3133	-0.08926069
hsa-miR-7154-3p	-0.0900334
hsa-miR-3140-5p	-0.0906116
hsa-miR-487b-3p	-0.09133102
hsa-miR-105-3p	-0.0913833
hsa-miR-580-5p	-0.0920116
hsa-miR-9-5p	-0.0920718
hsa-miR-497-3p	-0.0942426
hsa-miR-504-5p	-0.0942984
hsa-miR-7851-3p	-0.094694
hsa-miR-205-3p	-0.0947678
hsa-miR-548a-3p	-0.09482236
hsa-miR-95-3p	-0.095197
hsa-miR-421	-0.0955661
hsa-miR-6776-5p	-0.095841
hsa-miR-4467	-0.0959552
hsa-miR-4795-5p	-0.09663954
hsa-miR-6888-3p	-0.0967523
hsa-miR-363-5p	-0.0980867
hsa-miR-892c-3p	-0.09839345
hsa-miR-626	-0.0984394
hsa-miR-6736-3p	-0.09847109
hsa-miR-574-3p	-0.0986732
hsa-miR-301a-3p	-0.0991356
hsa-miR-5094	-0.1001792
hsa-miR-323a-3p	-0.10038144
hsa-miR-889-3p	-0.1007662
hsa-miR-548w	-0.1023985
hsa-miR-215-3p	-0.1024365
hsa-miR-6748-5p	-0.1026253
hsa-miR-1537-3p	-0.1036163
hsa-miR-548s	-0.1044311
hsa-miR-410-3p	-0.1079503
hsa-miR-101-3p	-0.1083543
hsa-miR-192-3p	-0.109436
hsa-miR-500a-3p	-0.1141463
hsa-miR-381-3p	-0.11483592
hsa-miR-516a-3p	-0.1152245
hsa-miR-4727-3p	-0.1158899
hsa-miR-367-5p	-0.11590038
hsa-miR-5000-3p	-0.11619655
hsa-miR-4659b-5p	-0.116307
hsa-miR-33b-5p	-0.1165551
hsa-miR-4309	-0.1191697
hsa-miR-125b-5p	-0.1206603
hsa-miR-4272	-0.1220894
hsa-miR-4704-5p	-0.1223567
hsa-miR-5096	-0.12309
hsa-miR-625-5p	-0.1234108
hsa-miR-6758-3p	-0.12348958
hsa-miR-6880-5p	-0.125777
hsa-miR-6838-5p	-0.1280374
hsa-miR-3974	-0.1290218
hsa-miR-429	-0.12957598
hsa-miR-4649-5p	-0.12973395
hsa-miR-549a	-0.1303577
hsa-miR-3182	-0.1306383
hsa-miR-4518	-0.13153361
hsa-miR-556-5p	-0.1340931
hsa-miR-409-3p	-0.1356962
hsa-miR-4762-5p	-0.1357079
hsa-miR-1302	-0.1357917
hsa-miR-6895-3p	-0.1361304
hsa-miR-4742-5p	-0.1364992
hsa-miR-6836-3p	-0.1377554
hsa-miR-6832-5p	-0.1400713
hsa-miR-4796-3p	-0.14189972
hsa-miR-195-5p	-0.14236173
hsa-miR-5687	-0.1424728
hsa-miR-4485-5p	-0.1429931
hsa-miR-4743-5p	-0.1433689
hsa-miR-5692b	-0.1435594
hsa-miR-5197-5p	-0.143777
hsa-miR-6754-3p	-0.1458545
hsa-miR-139-3p	-0.1462482
hsa-miR-6866-5p	-0.1466624
hsa-miR-5699-3p	-0.1472802
hsa-miR-4800-3p	-0.1483648
hsa-miR-6072	-0.1485878
hsa-miR-641	-0.1490571
hsa-miR-3186-5p	-0.149338
hsa-miR-592	-0.1500988
hsa-miR-494-3p	-0.1505784
hsa-miR-3145-3p	-0.1508077
hsa-miR-3179	-0.1508793
hsa-miR-340-5p	-0.1515564
hsa-miR-4777-3p	-0.1516935
hsa-miR-5591-5p	-0.15322953
hsa-miR-3192-3p	-0.1555461
hsa-miR-6818-3p	-0.1579816
hsa-miR-885-3p	-0.15939
hsa-miR-5586-5p	-0.1609736
hsa-miR-6874-3p	-0.16124199
hsa-miR-155-5p	-0.162463
hsa-miR-612	-0.16604634
hsa-miR-28-5p	-0.1661024
hsa-miR-3688-3p	-0.1682987
hsa-miR-6854-3p	-0.169442
hsa-miR-542-3p	-0.1704351
hsa-miR-6854-5p	-0.17216
hsa-miR-5685	-0.1732997
hsa-miR-24-1-5p	-0.1733678
hsa-miR-5582-3p	-0.1748158
hsa-miR-1911-3p	-0.1754635
hsa-miR-4269	-0.1758805
hsa-miR-3150a-5p	-0.17618879
hsa-miR-181a-2-3p	-0.1764688
hsa-miR-6512-3p	-0.1774979
hsa-miR-4778-3p	-0.177625
hsa-miR-4662b	-0.1776315
hsa-miR-4738-3p	-0.1797106
hsa-miR-3678-5p	-0.180107
hsa-miR-548i	-0.181647
hsa-miR-5089-5p	-0.1833045
hsa-miR-4305	-0.18353264
hsa-miR-579-3p	-0.18370917
hsa-miR-552-3p	-0.1843137
hsa-miR-506-5p	-0.1850993
hsa-miR-4659b-3p	-0.1876348
hsa-miR-3120-5p	-0.1879654
hsa-miR-222-3p	-0.188142
hsa-miR-152-5p	-0.1882693
hsa-miR-658	-0.189027
hsa-miR-504-3p	-0.1891872
hsa-miR-3660	-0.189405
hsa-miR-1292-3p	-0.1895106
hsa-miR-6859-3p	-0.1908691
hsa-miR-337-5p	-0.1909818
hsa-miR-3167	-0.1910943
hsa-miR-874-3p	-0.191109
hsa-miR-18b-5p	-0.1918096
hsa-miR-512-3p	-0.191947
hsa-miR-181a-5p	-0.1929665
hsa-miR-4525	-0.1950579
hsa-miR-1245b-5p	-0.1962246
hsa-miR-92a-1-5p	-0.1962542
hsa-miR-1184	-0.196652
hsa-miR-148b-5p	-0.196916116
hsa-miR-4524a-3p	-0.197312
hsa-miR-3186-3p	-0.2008158
hsa-miR-6828-3p	-0.2024342
hsa-miR-616-5p	-0.2025146
hsa-miR-603	-0.2032167
hsa-miR-4524b-3p	-0.2035526
hsa-miR-8075	-0.2047031
hsa-miR-6743-5p	-0.2050945
hsa-miR-20a-3p	-0.2054154
hsa-miR-4671-5p	-0.2084046
hsa-miR-670-3p	-0.209039
hsa-miR-6515-5p	-0.209708
hsa-miR-4743-3p	-0.2097535
hsa-miR-671-3p	-0.2109797
hsa-miR-4782-5p	-0.211194
hsa-miR-4676-3p	-0.2112907
hsa-miR-6789-3p	-0.2113093
hsa-miR-6729-3p	-0.2118853
hsa-miR-2115-3p	-0.2121335
hsa-miR-5689	-0.2124958
hsa-miR-3713	-0.21264958
hsa-miR-4774-5p	-0.2138927
hsa-miR-1285-5p	-0.2143732
hsa-miR-378h	-0.2148386
hsa-miR-4329	-0.214996
hsa-miR-4789-3p	-0.21583
hsa-miR-708-5p	-0.2158616
hsa-miR-6131	-0.217501
hsa-miR-4766-5p	-0.21762985
hsa-miR-4457	-0.217762
hsa-miR-34a-3p	-0.2180469
hsa-miR-5186	-0.21896744
hsa-miR-4288	-0.21976904
hsa-miR-4330	-0.2202729
hsa-miR-4738-5p	-0.22109
hsa-miR-183-5p	-0.22172515
hsa-miR-3649	-0.2223657
hsa-miR-376c-3p	-0.2234168
hsa-miR-632	-0.2234598
hsa-miR-5009-3p	-0.2252883
hsa-miR-5694	-0.2254487
hsa-miR-548ak	-0.2268747
hsa-miR-1287-5p	-0.227421
hsa-miR-4755-3p	-0.2282323
hsa-miR-4522	-0.2299117
hsa-miR-4253	-0.2304876
hsa-miR-18a-3p	-0.2314959
hsa-miR-4422	-0.2326798
hsa-miR-5587-5p	-0.2342686
hsa-miR-4264	-0.2344906
hsa-miR-548ao-3p	-0.2346814
hsa-miR-4706	-0.234749
hsa-miR-513b-3p	-0.2350363
hsa-miR-5680	-0.236407
hsa-miR-4999-5p	-0.2367133
hsa-miR-4733-3p	-0.2385916
hsa-miR-4500	-0.2402033
hsa-miR-507	-0.2407979
hsa-miR-411-5p	-0.24107
hsa-miR-802	-0.2414838
hsa-miR-598-3p	-0.2417271
hsa-miR-3153	-0.2432096
hsa-miR-599	-0.2434155
hsa-miR-32-5p	-0.2434826
hsa-miR-892b	-0.244334953
hsa-miR-302e	-0.2446764
hsa-miR-4735-3p	-0.2448417
hsa-miR-376b-3p	-0.244877
hsa-miR-3607-3p	-0.2450281
hsa-miR-4503	-0.2450399
hsa-miR-7852-3p	-0.2456752
hsa-miR-30d-3p	-0.24602402
hsa-miR-1200	-0.24647267
hsa-miR-4512	-0.2465361
hsa-miR-3943	-0.2468253
hsa-miR-323b-5p	-0.2474193
hsa-miR-3622b-3p	-0.247768
hsa-miR-6778-3p	-0.247967
hsa-miR-7151-5p	-0.24806951
hsa-miR-580-3p	-0.2488101
hsa-miR-4780	-0.249338
hsa-miR-889-5p	-0.2495071
hsa-miR-3064-3p	-0.249927
hsa-miR-6768-3p	-0.2500314
hsa-miR-4764-5p	-0.25072929
hsa-miR-379-3p	-0.25156457
hsa-miR-6817-5p	-0.2530014
hsa-miR-376a-3p	-0.253249
hsa-miR-6747-3p	-0.254754
hsa-miR-4432	-0.255081
hsa-miR-4725-3p	-0.257548
hsa-miR-619-3p	-0.2601423
hsa-miR-6506-5p	-0.26025597
hsa-miR-4715-3p	-0.261486
hsa-miR-1257	-0.2618233
hsa-miR-6798-5p	-0.2633685
hsa-miR-5589-5p	-0.2641656
hsa-miR-4508	-0.265814
hsa-miR-569	-0.2672811
hsa-miR-6744-3p	-0.268536
hsa-miR-551a	-0.2701612
hsa-miR-181c-5p	-0.27055009
hsa-miR-6506-3p	-0.2725149
hsa-miR-6823-5p	-0.2730027
hsa-miR-4420	-0.2740079
hsa-miR-4802-3p	-0.27414944
hsa-miR-182-5p	-0.2746599
hsa-miR-378f	-0.2746658
hsa-miR-3142	-0.2750464
hsa-miR-6834-5p	-0.2761394
hsa-miR-508-3p	-0.2762314
hsa-miR-4749-5p	-0.2774311
hsa-miR-4708-3p	-0.2774666
hsa-miR-548l	-0.2785877
hsa-miR-4263	-0.2796575
hsa-miR-3152-3p	-0.2798044
hsa-miR-489-3p	-0.2800015
hsa-miR-656-5p	-0.2804712
hsa-miR-4529-5p	-0.2806137
hsa-miR-4760-5p	-0.2811029
hsa-miR-361-5p	-0.281266
hsa-miR-4424	-0.281619
hsa-miR-4645-5p	-0.2828079
hsa-miR-6507-5p	-0.2833511
hsa-miR-6516-3p	-0.2836502
hsa-miR-6813-5p	-0.284133
hsa-miR-3591-5p	-0.2853788
hsa-miR-518e-5p	-0.2853895
hsa-miR-4279	-0.2859436
hsa-miR-423-3p	-0.2862943
hsa-miR-4273	-0.2865007
hsa-miR-8054	-0.2878425
hsa-miR-499a-3p	-0.288871
hsa-miR-3127-5p	-0.289218
hsa-miR-4276	-0.2926381
hsa-miR-4473	-0.2928305
hsa-miR-3157-5p	-0.2930328
hsa-miR-3191-5p	-0.293086
hsa-miR-5000-5p	-0.2941648
hsa-miR-3680-3p	-0.2943901
hsa-miR-4764-3p	-0.2944229
hsa-miR-6766-5p	-0.2956247
hsa-miR-888-5p	-0.297347
hsa-miR-3117-3p	-0.299832
hsa-miR-1972	-0.301347
hsa-miR-3611	-0.3019054
hsa-miR-466	-0.3020445
hsa-miR-5006-3p	-0.30314363
hsa-miR-4677-3p	-0.30399
hsa-miR-518f-5p	-0.305463
hsa-miR-631	-0.3059763
hsa-miR-6762-3p	-0.3066932
hsa-miR-548h-5p	-0.3067741
hsa-miR-1307-5p	-0.3073235
hsa-miR-137	-0.3074762
hsa-miR-22-5p	-0.308019
hsa-miR-1226-3p	-0.3082405
hsa-miR-4677-5p	-0.310495
hsa-miR-6877-5p	-0.311148
hsa-miR-2682-3p	-0.3117272
hsa-miR-4726-5p	-0.3123583
hsa-miR-676-3p	-0.3136565
hsa-miR-1271-5p	-0.313766651
hsa-miR-4317	-0.3143078
hsa-miR-193a-3p	-0.3145789
hsa-miR-422a	-0.3148182
hsa-miR-4752	-0.3150444
hsa-miR-4684-5p	-0.315158
hsa-miR-371b-3p	-0.3152172
hsa-miR-6817-3p	-0.315321
hsa-let-7g-3p	-0.315387
hsa-miR-7-1-3p	-0.315844
hsa-miR-585-5p	-0.3164263
hsa-miR-4768-3p	-0.3164576
hsa-miR-4794	-0.316896
hsa-miR-372-3p	-0.320091177
hsa-miR-4685-5p	-0.320761
hsa-miR-559	-0.3215117
hsa-miR-8086	-0.3227819
hsa-miR-138-5p	-0.323781
hsa-miR-3116	-0.3239705
hsa-miR-3616-5p	-0.3246716
hsa-miR-3166	-0.325022
hsa-miR-548as-5p	-0.3252473
hsa-miR-210-5p	-0.325649
hsa-miR-4513	-0.325834
hsa-miR-4265	-0.32668502
hsa-miR-5706	-0.3272375
hsa-miR-6875-3p	-0.3279157
hsa-miR-1914-5p	-0.3297092
hsa-miR-5581-3p	-0.331229
hsa-miR-7112-3p	-0.3312457
hsa-miR-3913-3p	-0.3313818
hsa-miR-3655	-0.331772
hsa-miR-4453	-0.334341
hsa-miR-5587-3p	-0.3349149
hsa-miR-6082	-0.335096
hsa-miR-6500-5p	-0.3353024
hsa-miR-509-3p	-0.336669
hsa-miR-4280	-0.338517
hsa-miR-23a-5p	-0.3392744
hsa-miR-7515	-0.340951
hsa-miR-4282	-0.3417418
hsa-miR-649	-0.342269876
hsa-miR-4321	-0.34359
hsa-miR-548au-3p	-0.343944
hsa-miR-208b-3p	-0.3455838
hsa-miR-6759-5p	-0.3494883
hsa-miR-153-3p	-0.350244
hsa-miR-513a-5p	-0.350413
hsa-miR-6893-3p	-0.35099684
hsa-miR-4643	-0.351142
hsa-miR-4524b-5p	-0.3517638
hsa-miR-555	-0.3519025
hsa-miR-378a-5p	-0.351913
hsa-miR-6782-5p	-0.35229567
hsa-miR-1269a	-0.352894
hsa-miR-506-3p	-0.3532086
hsa-miR-3685	-0.3534991
hsa-miR-490-3p	-0.353881
hsa-miR-2115-5p	-0.354401
hsa-miR-4804-3p	-0.354454
hsa-miR-548ac	-0.354533
hsa-miR-324-5p	-0.3547309
hsa-miR-151a-3p	-0.355535
hsa-miR-4325	-0.3571088
hsa-miR-6882-3p	-0.358874
hsa-miR-301b-3p	-0.3595596
hsa-miR-431-3p	-0.3601739
hsa-miR-3978	-0.3609494
hsa-miR-1288-3p	-0.362056
hsa-miR-1468-3p	-0.362684
hsa-miR-6795-5p	-0.363085
hsa-miR-382-3p	-0.3634027
hsa-miR-4431	-0.3641597
hsa-miR-548p	-0.372812
hsa-miR-18a-5p	-0.373052
hsa-miR-518a-5p	-0.3741727
hsa-miR-3618	-0.3748359
hsa-miR-525-3p	-0.375478
hsa-miR-3157-3p	-0.376282
hsa-miR-629-5p	-0.37671098
hsa-miR-93-3p	-0.37951843
hsa-miR-4676-5p	-0.3796853
hsa-miR-8083	-0.380251
hsa-miR-30e-3p	-0.380401
hsa-miR-5589-3p	-0.3810278
hsa-miR-4667-5p	-0.3810311
hsa-miR-7978	-0.381111
hsa-miR-6516-5p	-0.3825775
hsa-miR-6750-5p	-0.382912
hsa-miR-1286	-0.38310335
hsa-miR-6774-3p	-0.383729
hsa-miR-3158-3p	-0.3844069
hsa-miR-216a-5p	-0.38478827
hsa-miR-759	-0.385305
hsa-miR-568	-0.386725
hsa-miR-193b-3p	-0.3870327
hsa-miR-4770	-0.3876731
hsa-miR-664b-5p	-0.387736
hsa-miR-16-1-3p	-0.3897555
hsa-miR-8082	-0.390122
hsa-miR-362-5p	-0.390446
hsa-miR-1293	-0.390738
hsa-miR-5189-5p	-0.392103
hsa-miR-591	-0.3923007
hsa-miR-4776-3p	-0.39262
hsa-miR-3689a-5p	-0.392898
hsa-miR-5579-3p	-0.392993
hsa-miR-6772-3p	-0.3934617
hsa-miR-664a-5p	-0.393644
hsa-miR-4744	-0.393988
hsa-miR-3653-3p	-0.394681
hsa-miR-19b-1-5p	-0.3946893
hsa-miR-6864-5p	-0.394833
hsa-miR-455-3p	-0.395626
hsa-miR-3680-5p	-0.396342
hsa-miR-4772-3p	-0.3964437
hsa-miR-6815-3p	-0.397738
hsa-miR-4260	-0.3984252
hsa-miR-6500-3p	-0.3994218
hsa-miR-6715b-5p	-0.400217
hsa-miR-7110-3p	-0.40119266
hsa-miR-4482-3p	-0.4014824
hsa-miR-1295b-3p	-0.401772
hsa-miR-3659	-0.4023092
hsa-miR-541-3p	-0.4024061
hsa-miR-4658	-0.403211
hsa-miR-205-5p	-0.4035353
hsa-miR-620	-0.404431
hsa-miR-6750-3p	-0.4051021
hsa-miR-4294	-0.4065784
hsa-miR-4722-3p	-0.406702
hsa-miR-4504	-0.406772
hsa-miR-142-5p	-0.408716
hsa-miR-6862-5p	-0.408807
hsa-miR-3671	-0.40928
hsa-miR-6770-3p	-0.409625
hsa-miR-3144-5p	-0.409668
hsa-miR-4633-5p	-0.41025
hsa-miR-614	-0.4107583
hsa-miR-6718-5p	-0.411992
hsa-miR-588	-0.4123305
hsa-miR-6727-3p	-0.413578
hsa-miR-6886-5p	-0.413699
hsa-miR-139-5p	-0.41372
hsa-miR-6822-5p	-0.4143324
hsa-miR-4277	-0.419062
hsa-miR-520a-5p	-0.4197277
hsa-miR-6512-5p	-0.420325
hsa-miR-608	-0.420887
hsa-miR-4791	-0.4225376
hsa-miR-6079	-0.4235337
hsa-miR-3664-5p	-0.423698
hsa-miR-6747-5p	-0.424017
hsa-miR-6879-3p	-0.424561
hsa-miR-8058	-0.42485514
hsa-miR-6504-3p	-0.425666
hsa-miR-646	-0.4263605
hsa-miR-3185	-0.4265972
hsa-miR-4445-5p	-0.4288558
hsa-miR-1248	-0.429681
hsa-miR-6128	-0.430481
hsa-miR-8077	-0.4306248
hsa-miR-6839-5p	-0.4317419
hsa-miR-4700-5p	-0.432021
hsa-miR-6801-3p	-0.4320579
hsa-miR-3929	-0.433565
hsa-miR-26a-5p	-0.4337669
hsa-miR-4262	-0.434671
hsa-miR-4797-3p	-0.434758
hsa-miR-8485	-0.435522
hsa-miR-4461	-0.436813
hsa-miR-2355-3p	-0.436865
hsa-miR-3123	-0.438923
hsa-miR-1304-5p	-0.439252
hsa-miR-4425	-0.441661
hsa-miR-3165	-0.442177
hsa-miR-4446-5p	-0.4423361
hsa-miR-3184-5p	-0.4423667
hsa-miR-3607-5p	-0.445614
hsa-miR-4289	-0.445625
hsa-miR-4742-3p	-0.446228
hsa-miR-501-3p	-0.4467131
hsa-miR-1273h-3p	-0.44687
hsa-miR-6764-5p	-0.447437
hsa-miR-27b-5p	-0.4475656
hsa-miR-7156-3p	-0.447659
hsa-miR-3155b	-0.450222
hsa-miR-888-3p	-0.4538416
hsa-miR-299-3p	-0.454024
hsa-miR-4776-5p	-0.454205
hsa-miR-491-5p	-0.4557626
hsa-miR-6828-5p	-0.4562088
hsa-miR-203b-3p	-0.4569829
hsa-miR-8074	-0.458906
hsa-miR-582-3p	-0.458996744
hsa-miR-433-3p	-0.4592175
hsa-miR-548am-3p	-0.459553
hsa-miR-8081	-0.459898
hsa-miR-5588-3p	-0.460578
hsa-miR-4761-5p	-0.461753
hsa-miR-4304	-0.4625074
hsa-miR-4636	-0.46267
hsa-miR-4531	-0.4628519
hsa-miR-7160-3p	-0.463856
hsa-miR-6731-5p	-0.464435
hsa-miR-4427	-0.4657758
hsa-miR-1205	-0.466561
hsa-miR-1233-5p	-0.466751
hsa-miR-4291	-0.466844
hsa-miR-4670-3p	-0.4678423
hsa-miR-9-3p	-0.469061
hsa-miR-412-5p	-0.469432
hsa-miR-6514-5p	-0.471494
hsa-miR-6853-5p	-0.472295
hsa-miR-7161-5p	-0.473212
hsa-miR-219b-5p	-0.473549
hsa-miR-7703	-0.473673
hsa-miR-4474-3p	-0.475044
hsa-miR-495-3p	-0.476905
hsa-miR-1233-3p	-0.478027
hsa-miR-5693	-0.479853
hsa-miR-1253	-0.480657
hsa-miR-365a-5p	-0.480915
hsa-miR-650	-0.4809266
hsa-miR-513a-3p	-0.4810344
hsa-miR-5010-5p	-0.481158
hsa-miR-135b-3p	-0.4811654
hsa-miR-4709-3p	-0.4812013
hsa-miR-200a-3p	-0.481635
hsa-miR-3925-5p	-0.481847
hsa-miR-378j	-0.48215313
hsa-miR-200c-5p	-0.4850373
hsa-miR-8052	-0.485806
hsa-miR-196b-3p	-0.486158
hsa-miR-1273g-5p	-0.486602
hsa-miR-4999-3p	-0.487038
hsa-miR-3622b-5p	-0.487725
hsa-miR-6510-3p	-0.48775
hsa-miR-573	-0.4895371
hsa-miR-3174	-0.489598
hsa-miR-7153-5p	-0.4903
hsa-miR-105-5p	-0.4935337
hsa-miR-517-5p	-0.493654
hsa-miR-5197-3p	-0.4941
hsa-miR-3122	-0.494806
hsa-miR-325	-0.4948877
hsa-miR-3125	-0.495046
hsa-miR-4659a-3p	-0.4952882
hsa-miR-3145-5p	-0.496359
hsa-miR-6859-5p	-0.497655
hsa-miR-486-3p	-0.49858769
hsa-miR-20b-3p	-0.4993898
hsa-miR-4754	-0.499506
hsa-miR-33a-3p	-0.4998158
hsa-miR-188-3p	-0.4999644
hsa-miR-7848-3p	-0.500125
hsa-miR-25-5p	-0.5019176
hsa-miR-487a-3p	-0.50366
hsa-miR-4300	-0.506642
hsa-miR-133a-5p	-0.508619
hsa-miR-7161-3p	-0.508898
hsa-miR-5695	-0.50904207
hsa-miR-4685-3p	-0.5097087
hsa-miR-708-3p	-0.510065774
hsa-miR-3912-3p	-0.511015
hsa-miR-6511b-5p	-0.511093
hsa-miR-134-3p	-0.5116269
hsa-miR-6863	-0.512056
hsa-miR-6773-5p	-0.5123
hsa-miR-147b	-0.5125317
hsa-miR-378i	-0.5127106
hsa-miR-510-3p	-0.513278
hsa-miR-7157-3p	-0.514278
hsa-miR-8070	-0.514435
hsa-miR-1827	-0.514817
hsa-miR-770-5p	-0.5156176
hsa-miR-661	-0.5160196
hsa-miR-8057	-0.519065
hsa-miR-6762-5p	-0.519923
hsa-miR-5699-5p	-0.521614
hsa-miR-99a-3p	-0.5220448
hsa-miR-6848-5p	-0.522694
hsa-miR-6722-5p	-0.522805
hsa-miR-644a	-0.5230831
hsa-miR-3150b-3p	-0.524908
hsa-miR-2276-5p	-0.52606002
hsa-miR-3161	-0.52749
hsa-miR-30a-5p	-0.527494
hsa-miR-3152-5p	-0.5277702
hsa-miR-5187-5p	-0.528414
hsa-miR-1251-3p	-0.52876
hsa-miR-202-3p	-0.529114
hsa-miR-676-5p	-0.5292
hsa-miR-4731-5p	-0.5297
hsa-miR-4439	-0.530825
hsa-miR-1343-3p	-0.53152907
hsa-miR-4278	-0.533353
hsa-miR-7153-3p	-0.533394
hsa-miR-3155a	-0.53396
hsa-miR-4747-3p	-0.534185
hsa-miR-627-5p	-0.5348504
hsa-miR-4437	-0.5359057
hsa-miR-3192-5p	-0.536688
hsa-miR-7853-5p	-0.536856
hsa-miR-4802-5p	-0.537402
hsa-miR-4428	-0.537681
hsa-miR-6873-5p	-0.537937
hsa-miR-5047	-0.539837
hsa-miR-4258	-0.5400947
hsa-miR-7705	-0.540416
hsa-miR-4784	-0.540726
hsa-miR-4761-3p	-0.540984
hsa-miR-6075	-0.5411675
hsa-miR-1273c	-0.5412785
hsa-miR-6838-3p	-0.542436
hsa-miR-200a-5p	-0.542813
hsa-miR-4426	-0.545265
hsa-miR-219b-3p	-0.545921
hsa-miR-5188	-0.546843
hsa-miR-5572	-0.547835
hsa-miR-1297	-0.548845
hsa-miR-6746-3p	-0.549001
hsa-miR-3919	-0.549955
hsa-miR-1285-3p	-0.5508577
hsa-miR-548aw	-0.552982
hsa-miR-2114-3p	-0.554008
hsa-miR-921	-0.5546597
hsa-miR-146b-3p	-0.5546945
hsa-miR-181b-3p	-0.554961
hsa-miR-8073	-0.555026
hsa-miR-5702	-0.555913
hsa-miR-587	-0.5572069
hsa-miR-4654	-0.557352
hsa-miR-3662	-0.559556
hsa-miR-181b-2-3p	-0.560066
hsa-miR-3187-5p	-0.561202
hsa-miR-1468-5p	-0.561699
hsa-miR-4647	-0.5624
hsa-miR-4661-3p	-0.56315
hsa-miR-4468	-0.563275
hsa-miR-222-5p	-0.5639688
hsa-miR-4639-5p	-0.566417
hsa-miR-3126-3p	-0.566876
hsa-miR-141-3p	-0.566942
hsa-miR-4268	-0.5681833
hsa-miR-617	-0.568426
hsa-miR-4318	-0.569344
hsa-miR-1255a	-0.5705403
hsa-miR-4537	-0.5714753
hsa-miR-604	-0.5744133
hsa-miR-510-5p	-0.574646
hsa-miR-151a-5p	-0.575497
hsa-miR-4797-5p	-0.5762124
hsa-miR-99b-5p	-0.576549
hsa-miR-125b-1-3p	-0.5775033
hsa-miR-5707	-0.577913
hsa-miR-3143	-0.578085
hsa-miR-2467-3p	-0.579386
hsa-miR-99b-3p	-0.5823053
hsa-miR-548ay-3p	-0.58607
hsa-miR-3193	-0.58701
hsa-miR-532-5p	-0.58838
hsa-miR-452-5p	-0.589358
hsa-miR-4779	-0.591199
hsa-miR-7155-3p	-0.591344
hsa-miR-502-3p	-0.591894
hsa-miR-6857-5p	-0.593076
hsa-miR-7702	-0.594988
hsa-miR-1295b-5p	-0.595239
hsa-miR-96-3p	-0.5953802
hsa-miR-1255b-5p	-0.595492
hsa-miR-511-5p	-0.5963372
hsa-miR-499b-3p	-0.597124
hsa-miR-659-5p	-0.597192
hsa-miR-606	-0.5981012
hsa-miR-597-5p	-0.59815575
hsa-miR-6815-5p	-0.599648
hsa-miR-571	-0.599901
hsa-miR-4715-5p	-0.600506
hsa-miR-4735-5p	-0.600855
hsa-miR-4653-5p	-0.601227
hsa-miR-412-3p	-0.607526
hsa-miR-3664-3p	-0.607885
hsa-miR-200b-3p	-0.608482
hsa-miR-1208	-0.609259
hsa-miR-3686	-0.609673
hsa-miR-6890-5p	-0.609884
hsa-miR-6870-5p	-0.6115355
hsa-miR-1306-5p	-0.611645
hsa-miR-579-5p	-0.612656
hsa-miR-6802-3p	-0.612789
hsa-miR-4659a-5p	-0.613437
hsa-miR-675-3p	-0.614031
hsa-miR-301b-5p	-0.614468
hsa-miR-4648	-0.615706
hsa-miR-643	-0.61587
hsa-miR-3173-3p	-0.61755
hsa-miR-3200-3p	-0.620371
hsa-miR-520f-5p	-0.620476
hsa-miR-4768-5p	-0.620561
hsa-miR-8053	-0.621933
hsa-miR-3941	-0.622448
hsa-miR-892c-5p	-0.622612
hsa-miR-383-3p	-0.622629
hsa-miR-4661-5p	-0.624456
hsa-miR-3910	-0.624831
hsa-miR-943	-0.6248311
hsa-miR-6780a-5p	-0.62529
hsa-miR-132-3p	-0.625612
hsa-miR-3666	-0.62619
hsa-miR-370-5p	-0.626415
hsa-miR-600	-0.6279019
hsa-miR-375	-0.629051
hsa-miR-17-3p	-0.630211
hsa-miR-4717-5p	-0.631887
hsa-miR-509-5p	-0.632542
hsa-miR-3164	-0.633145
hsa-miR-5584-5p	-0.633359
hsa-miR-9500	-0.634171
hsa-miR-4521	-0.634538
hsa-miR-4252	-0.638748
hsa-miR-496	-0.64187
hsa-miR-6744-5p	-0.643532
hsa-miR-550b-3p	-0.644682
hsa-miR-4315	-0.64536
hsa-miR-128-1-5p	-0.645507
hsa-miR-6842-5p	-0.645512
hsa-miR-3926	-0.646713
hsa-miR-6869-3p	-0.649237
hsa-miR-3922-5p	-0.650855
hsa-miR-4657	-0.651208
hsa-miR-4523	-0.652464
hsa-miR-875-3p	-0.6524901
hsa-miR-4804-5p	-0.655142
hsa-miR-125b-2-3p	-0.6553085
hsa-miR-1258	-0.656112
hsa-miR-3936	-0.656316
hsa-miR-379-5p	-0.656761
hsa-miR-5088-3p	-0.657294
hsa-miR-7113-3p	-0.657384
hsa-miR-8059	-0.657797
hsa-miR-4490	-0.659028
hsa-miR-567	-0.66102906
hsa-miR-3934-5p	-0.662077
hsa-miR-3197	-0.664237
hsa-miR-558	-0.6653373
hsa-miR-4682	-0.66571
hsa-miR-3124-3p	-0.666657
hsa-miR-8088	-0.667783
hsa-miR-4728-5p	-0.668552
hsa-miR-6715b-3p	-0.669086
hsa-miR-4491	-0.669538
hsa-miR-4672	-0.670047
hsa-miR-10a-3p	-0.6703561
hsa-miR-4753-5p	-0.673492
hsa-miR-194-5p	-0.674212
hsa-miR-6742-5p	-0.674223
hsa-miR-5581-5p	-0.674707
hsa-miR-509-3-5p	-0.674723
hsa-miR-6761-5p	-0.675713
hsa-miR-6892-5p	-0.677072
hsa-miR-4801	-0.682521
hsa-miR-181c-3p	-0.6833674
hsa-miR-1908-5p	-0.683869
hsa-miR-548ax	-0.6851
hsa-miR-3146	-0.685359
hsa-miR-330-5p	-0.6854139
hsa-miR-4660	-0.68709
hsa-miR-1322	-0.687367
hsa-miR-6837-5p	-0.687511
hsa-miR-1272	-0.688498
hsa-miR-1298-3p	-0.688613
hsa-miR-3168	-0.690349
hsa-miR-331-5p	-0.691353
hsa-miR-662	-0.6914371
hsa-miR-6077	-0.692664
hsa-miR-1203	-0.695515
hsa-miR-4726-3p	-0.69585
hsa-miR-6509-5p	-0.695942
hsa-miR-6841-5p	-0.696285
hsa-miR-204-3p	-0.696396
hsa-miR-148a-5p	-0.6967135
hsa-miR-8056	-0.697066
hsa-miR-3159	-0.69746
hsa-miR-6818-5p	-0.697491
hsa-miR-503-5p	-0.6977815
hsa-miR-4638-3p	-0.69798
hsa-miR-4694-3p	-0.699867
hsa-miR-3170	-0.699875
hsa-miR-345-5p	-0.699979
hsa-miR-1307-3p	-0.701426
hsa-miR-8085	-0.703334
hsa-miR-519d-5p	-0.704335
hsa-miR-6733-5p	-0.704699
hsa-miR-6715a-3p	-0.706
hsa-miR-298	-0.7061344
hsa-miR-4724-5p	-0.706213
hsa-miR-6806-3p	-0.707571
hsa-miR-4445-3p	-0.707662
hsa-miR-4772-5p	-0.708453
hsa-miR-4718	-0.709377
hsa-miR-2117	-0.710339
hsa-miR-6811-5p	-0.710576
hsa-miR-490-5p	-0.7128612
hsa-miR-615-5p	-0.7135468
hsa-miR-4438	-0.714433
hsa-miR-4684-3p	-0.7155775
hsa-miR-1263	-0.717319
hsa-miR-593-5p	-0.7175257
hsa-miR-3689d	-0.717639
hsa-miR-4773	-0.718747
hsa-miR-4774-3p	-0.719571
hsa-miR-5004-5p	-0.719638
hsa-miR-4419b	-0.720899
hsa-miR-6781-5p	-0.720983
hsa-miR-5571-3p	-0.725367
hsa-miR-548ad-3p	-0.725464
hsa-miR-1301-3p	-0.726245
hsa-miR-523-3p	-0.72637
hsa-miR-500b-3p	-0.726818
hsa-miR-3622a-5p	-0.727389
hsa-miR-1273d	-0.727947
hsa-miR-3935	-0.729651
hsa-miR-5091	-0.730496
hsa-miR-4529-3p	-0.730622
hsa-miR-4650-3p	-0.733208
hsa-miR-3130-5p	-0.734783
hsa-miR-6081	-0.735274
hsa-miR-6852-5p	-0.735511
hsa-miR-648	-0.736572
hsa-miR-6835-5p	-0.737765
hsa-miR-181d-3p	-0.73845
hsa-miR-411-3p	-0.738899
hsa-miR-5191	-0.7408135
hsa-miR-1273e	-0.741087
hsa-miR-6888-5p	-0.742877
hsa-miR-4737	-0.743536
hsa-miR-2682-5p	-0.743781
hsa-miR-5705	-0.743833
hsa-miR-6771-3p	-0.745813
hsa-miR-935	-0.747306
hsa-miR-200b-5p	-0.747476
hsa-miR-4798-3p	-0.748376
hsa-miR-4723-5p	-0.752388
hsa-miR-4256	-0.752409
hsa-miR-6513-5p	-0.753812
hsa-miR-152-3p	-0.754765
hsa-miR-3689f	-0.755942
hsa-miR-193a-5p	-0.757372
hsa-miR-6811-3p	-0.758532
hsa-miR-5580-3p	-0.759532
hsa-miR-3621	-0.760899
hsa-miR-124-3p	-0.760902
hsa-miR-5586-3p	-0.761047
hsa-miR-3616-3p	-0.761155
hsa-miR-7158-5p	-0.763995
hsa-miR-4638-5p	-0.768074
hsa-miR-4482-5p	-0.768076
hsa-miR-1199-3p	-0.768175
hsa-miR-1237-5p	-0.768219
hsa-miR-3160-3p	-0.768339
hsa-miR-378e	-0.769331
hsa-miR-6720-5p	-0.769864
hsa-miR-493-3p	-0.770118
hsa-miR-514b-3p	-0.770241
hsa-miR-6720-3p	-0.770471
hsa-miR-6726-5p	-0.770497
hsa-miR-589-5p	-0.7709496
hsa-miR-3678-3p	-0.772379
hsa-miR-3199	-0.77241
hsa-miR-891a-5p	-0.773892
hsa-miR-5195-5p	-0.773982
hsa-miR-1247-5p	-0.774015
hsa-miR-514a-5p	-0.77437
hsa-miR-3126-5p	-0.781796
hsa-miR-217	-0.7820867
hsa-miR-208a-3p	-0.782087
hsa-miR-4283	-0.782658
hsa-miR-4722-5p	-0.783568
hsa-miR-6753-3p	-0.784026
hsa-miR-8078	-0.784096
hsa-miR-2355-5p	-0.784459
hsa-miR-210-3p	-0.7853
hsa-miR-6078	-0.7856524
hsa-miR-6878-5p	-0.790496
hsa-miR-3190-3p	-0.790848
hsa-miR-7151-3p	-0.791913
hsa-miR-1276	-0.793174
hsa-miR-4494	-0.79436
hsa-miR-143-3p	-0.794443
hsa-miR-548e-5p	-0.795428
hsa-miR-431-5p	-0.796845
hsa-miR-6504-5p	-0.797072
hsa-miR-6814-5p	-0.798193
hsa-miR-5585-5p	-0.799325
hsa-miR-378c	-0.801471
hsa-miR-6804-5p	-0.801943
hsa-miR-6755-5p	-0.802823
hsa-miR-3928-3p	-0.803088
hsa-miR-191-5p	-0.803835
hsa-miR-6816-5p	-0.804242
hsa-miR-5682	-0.805357
hsa-miR-6814-3p	-0.808536
hsa-miR-6885-5p	-0.808922
hsa-miR-4699-5p	-0.809325
hsa-miR-3120-3p	-0.809927
hsa-miR-4446-3p	-0.811117
hsa-miR-6871-3p	-0.811178
hsa-miR-3065-5p	-0.811368
hsa-miR-106b-3p	-0.81412
hsa-miR-6080	-0.815198
hsa-miR-4255	-0.815704
hsa-miR-3132	-0.816301
hsa-miR-2681-3p	-0.81709
hsa-miR-4691-3p	-0.818129
hsa-miR-1266-3p	-0.818646
hsa-miR-6767-5p	-0.818924
hsa-miR-3163	-0.820657
hsa-miR-3914	-0.820703
hsa-miR-3615	-0.820732
hsa-miR-5004-3p	-0.820767
hsa-miR-183-3p	-0.8221328
hsa-miR-2114-5p	-0.823429
hsa-miR-4488	-0.823879
hsa-miR-550b-2-5p	-0.824844
hsa-miR-3169	-0.825438
hsa-miR-3151-5p	-0.82738
hsa-miR-554	-0.828497
hsa-miR-500a-5p	-0.828498
hsa-miR-4675	-0.831836
hsa-miR-4506	-0.833041
hsa-miR-3154	-0.833441
hsa-miR-532-3p	-0.835319
hsa-miR-4421	-0.836088
hsa-miR-3181	-0.837613
hsa-miR-621	-0.8385183
hsa-miR-7856-5p	-0.840256
hsa-miR-378g	-0.840835
hsa-miR-4474-5p	-0.840959
hsa-miR-4790-3p	-0.841331
hsa-miR-597-3p	-0.842224
hsa-miR-3612	-0.843975
hsa-miR-6810-5p	-0.844523
hsa-miR-3177-3p	-0.845497
hsa-miR-3194-3p	-0.847616
hsa-miR-5008-3p	-0.849068
hsa-miR-920	-0.853054
hsa-miR-3139	-0.853193
hsa-miR-4637	-0.853707
hsa-miR-5692a	-0.8545407
hsa-miR-4296	-0.855246
hsa-miR-4745-3p	-0.855546
hsa-miR-589-3p	-0.8604455
hsa-miR-3681-5p	-0.866901
hsa-miR-2277-5p	-0.867108
hsa-miR-6876-5p	-0.867155
hsa-miR-3677-5p	-0.868086
hsa-miR-7843-5p	-0.868223
hsa-miR-124-5p	-0.870411
hsa-miR-564	-0.872445
hsa-miR-4418	-0.882554
hsa-miR-6084	-0.882672
hsa-miR-3150a-3p	-0.88413
hsa-miR-3691-5p	-0.888056
hsa-miR-1269b	-0.890129
hsa-miR-6840-5p	-0.891728
hsa-miR-6753-5p	-0.89201
hsa-miR-4733-5p	-0.892266
hsa-miR-3658	-0.893486
hsa-miR-639	-0.895073
hsa-miR-3177-5p	-0.897584
hsa-miR-5189-3p	-0.897769
hsa-miR-6837-3p	-0.898444
hsa-miR-335-5p	-0.899708
hsa-miR-652-3p	-0.90108
hsa-miR-141-5p	-0.902352
hsa-miR-370-3p	-0.902747
hsa-miR-1469	-0.903798
hsa-miR-302c-5p	-0.904095
hsa-miR-551b-5p	-0.906559
hsa-miR-6783-5p	-0.906566
hsa-miR-6895-5p	-0.907691
hsa-miR-1973	-0.90861
hsa-miR-7111-5p	-0.912036
hsa-miR-4781-3p	-0.912398
hsa-miR-4533	-0.912882
hsa-miR-3187-3p	-0.913118
hsa-miR-4527	-0.913243
hsa-miR-2681-5p	-0.913662
hsa-miR-6791-3p	-0.915889
hsa-miR-8055	-0.917159
hsa-miR-4674	-0.917452
hsa-miR-6829-3p	-0.918646
hsa-miR-4690-3p	-0.918922
hsa-miR-4303	-0.920053
hsa-miR-761	-0.921055
hsa-miR-138-2-3p	-0.921075
hsa-miR-128-2-5p	-0.921306
hsa-miR-4514	-0.921707
hsa-miR-330-3p	-0.92227
hsa-miR-5691	-0.923211
hsa-miR-4786-5p	-0.923711
hsa-miR-1273h-5p	-0.924205
hsa-miR-196a-3p	-0.924913
hsa-miR-1271-3p	-0.928624
hsa-miR-4635	-0.928874
hsa-miR-3130-3p	-0.930338
hsa-miR-5003-5p	-0.93146
hsa-miR-4470	-0.931989
hsa-miR-4781-5p	-0.934482
hsa-miR-1913	-0.937498
hsa-miR-378b	-0.93853
hsa-miR-3692-3p	-0.939041
hsa-miR-922	-0.9415336
hsa-miR-3605-5p	-0.942705
hsa-miR-216b-5p	-0.943774
hsa-miR-4501	-0.944513
hsa-miR-1199-5p	-0.944909
hsa-miR-6816-3p	-0.945264
hsa-miR-7854-3p	-0.946852
hsa-miR-4423-3p	-0.948737
hsa-miR-3939	-0.953879
hsa-miR-4633-3p	-0.954166
hsa-miR-378d	-0.954187
hsa-miR-4783-5p	-0.95535
hsa-miR-218-1-3p	-0.9582169
hsa-miR-3651	-0.959155
hsa-miR-611	-0.9591999
hsa-miR-5089-3p	-0.96138
hsa-miR-380-5p	-0.963845
hsa-miR-890	-0.963967
hsa-miR-628-3p	-0.96482
hsa-miR-6735-5p	-0.96486
hsa-miR-7706	-0.966041
hsa-miR-187-3p	-0.9665764
hsa-miR-6770-5p	-0.966873
hsa-miR-6855-5p	-0.967309
hsa-miR-4691-5p	-0.970327
hsa-miR-6850-3p	-0.970457
hsa-miR-3677-3p	-0.971499
hsa-miR-3201	-0.978572
hsa-miR-4435	-0.978708
hsa-miR-3972	-0.979042
hsa-miR-4436b-3p	-0.980826
hsa-miR-4746-5p	-0.985181
hsa-miR-4434	-0.986519
hsa-miR-1283	-0.986947
hsa-miR-4251	-0.990195
hsa-miR-3121-3p	-0.990294
hsa-miR-3944-3p	-0.990782
hsa-miR-584-3p	-0.991042
hsa-miR-3176	-0.991568
hsa-miR-758-5p	-0.99422
hsa-miR-3183	-0.994889
hsa-miR-6808-3p	-0.997944
hsa-miR-424-3p	-0.998054
hsa-miR-1912	-0.99808
hsa-miR-1298-5p	-1.000706
hsa-miR-6793-3p	-1.001516
hsa-miR-6760-5p	-1.006886
hsa-miR-1291	-1.007564
hsa-miR-4665-5p	-1.007833
hsa-miR-4683	-1.008921
hsa-miR-4489	-1.009283
hsa-miR-6836-5p	-1.009495
hsa-miR-92b-5p	-1.010153
hsa-miR-4492	-1.013779
hsa-miR-27a-5p	-1.016399
hsa-miR-1910-3p	-1.017064
hsa-miR-873-3p	-1.019978
hsa-miR-296-3p	-1.021315
hsa-miR-4783-3p	-1.027414
hsa-miR-7158-3p	-1.03039
hsa-miR-616-3p	-1.030476
hsa-miR-874-5p	-1.031108
hsa-miR-1251-5p	-1.032662
hsa-miR-4799-5p	-1.035755
hsa-miR-4757-3p	-1.038935
hsa-miR-503-3p	-1.039827
hsa-miR-4751	-1.040721
hsa-miR-6801-5p	-1.045208
hsa-miR-3127-3p	-1.051348
hsa-miR-2110	-1.051486
hsa-miR-452-3p	-1.05187
hsa-miR-5688	-1.05411
hsa-miR-6874-5p	-1.054669
hsa-miR-1266-5p	-1.059793
hsa-miR-4436a	-1.060258
hsa-miR-3690	-1.061607
hsa-miR-4520-2-3p	-1.069633
hsa-miR-138-1-3p	-1.074361
hsa-miR-4292	-1.077542
hsa-miR-1178-5p	-1.078301
hsa-miR-127-5p	-1.07972
hsa-miR-938	-1.083085
hsa-miR-7157-5p	-1.084774
hsa-miR-1287-3p	-1.089658
hsa-miR-7112-5p	-1.091823
hsa-miR-6807-3p	-1.093116
hsa-miR-6771-5p	-1.093566
hsa-miR-3175	-1.096225
hsa-miR-4487	-1.098064
hsa-miR-28-3p	-1.1051104
hsa-miR-4663	-1.107733
hsa-miR-3135a	-1.109421
hsa-miR-4266	-1.116403
hsa-miR-4485-3p	-1.116458
hsa-miR-511-3p	-1.11995
hsa-miR-6749-3p	-1.121682
hsa-miR-941	-1.123915
hsa-miR-6501-3p	-1.128293
hsa-miR-1295a	-1.12852
hsa-miR-4757-5p	-1.13082
hsa-miR-6070	-1.130844
hsa-miR-4711-5p	-1.131623
hsa-miR-4451	-1.132189
hsa-miR-6821-3p	-1.13394
hsa-miR-6882-5p	-1.13931
hsa-miR-3918	-1.141428
hsa-miR-3934-3p	-1.14161
hsa-miR-3178	-1.143886
hsa-miR-576-3p	-1.144614
hsa-miR-4517	-1.145922
hsa-miR-3074-5p	-1.152189
hsa-miR-3654	-1.153497
hsa-miR-8080	-1.15435
hsa-miR-7162-3p	-1.154621
hsa-miR-3944-5p	-1.154864
hsa-miR-5684	-1.156105
hsa-miR-1301-5p	-1.159736
hsa-miR-663b	-1.163549
hsa-miR-6868-5p	-1.163827
hsa-miR-323a-5p	-1.173747
hsa-miR-302d-5p	-1.174
hsa-miR-5095	-1.174608
hsa-miR-4727-5p	-1.178049
hsa-miR-4449	-1.182018
hsa-miR-508-5p	-1.197491
hsa-miR-218-2-3p	-1.199286
hsa-miR-365b-5p	-1.205941
hsa-miR-200c-3p	-1.212215
hsa-miR-6729-5p	-1.217162
hsa-miR-3619-5p	-1.223222
hsa-miR-4302	-1.225489
hsa-miR-942-3p	-1.234617
hsa-miR-4319	-1.243489
hsa-miR-6737-5p	-1.249707
hsa-miR-3200-5p	-1.249898
hsa-miR-3180	-1.254862
hsa-miR-34c-3p	-1.255326
hsa-miR-744-5p	-1.257707
hsa-miR-668-5p	-1.258649
hsa-miR-214-3p	-1.259882
hsa-miR-4285	-1.260712
hsa-miR-24-2-5p	-1.268178
hsa-miR-3189-5p	-1.273635
hsa-miR-4293	-1.275032
hsa-miR-596	-1.280645
hsa-miR-4498	-1.28225
hsa-miR-4520-3p	-1.293423
hsa-miR-3124-5p	-1.293721
hsa-miR-4261	-1.313528
hsa-miR-3909	-1.326212
hsa-miR-3661	-1.332182
hsa-miR-6781-3p	-1.335731
hsa-miR-1292-5p	-1.339791
hsa-miR-4519	-1.354183
hsa-miR-339-5p	-1.35508
hsa-miR-1193	-1.356112
hsa-miR-4267	-1.359428
hsa-miR-4469	-1.375148
hsa-miR-3687	-1.386159
hsa-miR-219a-1-3p	-1.39979
hsa-miR-7160-5p	-1.400358
hsa-miR-1909-3p	-1.402987
hsa-miR-934	-1.404924
hsa-miR-6842-3p	-1.408282
hsa-miR-6499-5p	-1.429794
hsa-miR-193b-5p	-1.431055
hsa-miR-323b-3p	-1.446341
hsa-miR-4792	-1.472787
hsa-miR-675-5p	-1.506034
hsa-miR-6872-3p	-1.516924
hsa-miR-4697-5p	-1.533274
hsa-miR-6853-3p	-1.556633
hsa-miR-4479	-1.573484
hsa-miR-3191-3p	-1.578787
hsa-miR-1231	-1.678711
hsa-miR-6894-5p	-1.679761
hsa-miR-1180-5p	-1.935235
